Barcode,AARs
CCTCGGATGCTACCTG-1,Red pulp
GATCGACACTATCTGA-1,Red pulp
CACCGCGTCCACTCTA-1,Red pulp
ACTCCCGTAGACTAGG-1,Red pulp
CGAGTGAAGGTACCAG-1,Red pulp
TATATATCGAGAAATG-1,Red pulp
TTGCGTAGTTTGAGGA-1,Red pulp
GCCTGCTACACTGAGA-1,Red pulp
TGTACTACTCTCACGG-1,Red pulp
ACGCTGTGAGGCGTAG-1,Red pulp
ACACGGGAACTTAGGG-1,B follicle
TCGTCCGCTGGCGTCT-1,B follicle
ATCCTGAATCGCTGCG-1,Red pulp
ATACGGAACGTCGTTT-1,Red pulp
TCAGTAGGGACTATAA-1,B follicle
TTAAACTCGAATTCAT-1,Red pulp
ATGTGCATCCGACGCA-1,Red pulp
CCTCTAATCTGCCAAG-1,B follicle
CTATGTCTATTGAAAC-1,Red pulp
GCAGGTAGAGTATGGT-1,Red pulp
TGCCACCTGGCGAAAC-1,Marginal zone
GGTCTGAGAATCTGGA-1,Red pulp
AATCCAAGGGCCTGAG-1,Red pulp
CGCAATTAGGGTAATA-1,PALS
GTGAGCGTGCTGCACT-1,Red pulp
GTAATAAAGGGCTCCC-1,Red pulp
CGGTATAGGTATTAGC-1,B follicle
TGAGCTTTAATGACGC-1,PALS
CACTCCTATGTAAGAT-1,B follicle
CGGAGCTTATAACACC-1,B follicle
CGAATCTGCTCGACGC-1,Red pulp
ACAAGGAAATCCGCCC-1,Red pulp
AATAACAACGCTCGGC-1,B follicle
CATCAAACTGGCGCCC-1,Red pulp
GTGCGAAATCGAACAC-1,Red pulp
TAATAAACAAGGAGAT-1,Red pulp
TATGATCCGGCACGCC-1,Red pulp
GTCGGAAGGATACCAG-1,B follicle
CTGCACAACTACATAT-1,Red pulp
TTACTGTCTAGAGCTC-1,Red pulp
CCCTAGGCAACAAGAG-1,Red pulp
TGGTCGTGCAAGGCAA-1,Red pulp
AGGGTCAGTAACCCTA-1,Red pulp
TTCCTCGAGGGTGTCT-1,PALS
TTCATGGCGCAACAGG-1,Red pulp
ATCCCATCCACAGCGC-1,Red pulp
ATTTCCGGGTTCTGCG-1,B follicle
TTGAATTCACGTGAGG-1,Red pulp
CCTACTGCTTACACTT-1,Red pulp
TGCGTTTGTTGACACT-1,Marginal zone
AACTTGCCCGTATGCA-1,Red pulp
AGCCTAATACCCACGT-1,Red pulp
TGAGCCATACAGTCTC-1,Red pulp
CCGTTCCGAATCTCGG-1,Red pulp
AGGCCCATTGTACAGG-1,PALS
GAGTGCACGGACAACA-1,Red pulp
AGAGAAGGAGTACAAT-1,Red pulp
CGCGAGAGGGACTTGT-1,Red pulp
GAAATCGCGCGCAACT-1,PALS
TAGCTAGTGATGATGG-1,Red pulp
CATGAACCTCTTATCA-1,Red pulp
ATGGCAGCATTACGAT-1,Red pulp
ATGGGACCTGCTGAAC-1,Red pulp
TGGGTGGGATGTCATT-1,Red pulp
ATTAGATTGATAGCGG-1,Marginal zone
ATACTAGCATGACCCT-1,Marginal zone
ACAGTGCAGCGCATTT-1,Red pulp
CGACCCTTAACGCCGG-1,Red pulp
TGTGCTTTACGTAAGA-1,Marginal zone
TTAATTTCAGACGCGG-1,Marginal zone
AGTTCCTACAGAATTA-1,Red pulp
ATAACGTTACCTCCAC-1,Red pulp
ACCACGTGCAGCTATA-1,Red pulp
GATGTAACGAACCACC-1,Red pulp
TCATGCAGGTTCTCAT-1,Marginal zone
TACTCTTTCGTCTTCA-1,Marginal zone
TCGGGCCGTCGTGGTA-1,Red pulp
AATGGTTCTCACAAGC-1,PALS
TTGGATTGGGTACCAC-1,Red pulp
ATGCGACAGTCCCATT-1,B follicle
TCTTACAGAGGTACCG-1,Red pulp
ACTCTTGTATAGTAAC-1,PALS
CAGTGTCCGCAGAATG-1,Marginal zone
TATCTACAGAGGTAAT-1,Red pulp
CTCGAATGGAACGTAT-1,Marginal zone
GTGGACCAACCCGATT-1,Red pulp
CACCGGAGATATCTCC-1,PALS
AGCTAGAAGCAGAAGT-1,Marginal zone
GACCGACTGAAGCGTC-1,Red pulp
CGGTGCAGATAGAACG-1,Red pulp
TTCGGGCGCTAGTCTT-1,B follicle
AGTTAAGCGGTCCCGG-1,Red pulp
AATAACACTAGAACAA-1,Red pulp
ATAATAGCTGTTGAAT-1,Red pulp
AGATCTCAGGTGTGAT-1,B follicle
GTTATATTATCTCCCT-1,Red pulp
TTCTTGTAACCTAATG-1,Red pulp
ATCCACGCTAAATGTT-1,Red pulp
AAATCGTGTACCACAA-1,Marginal zone
CATAGTCCACAAGAAC-1,Red pulp
CGTTTACAAGGCAGCT-1,Red pulp
GCACACGCCCATGGTC-1,Red pulp
CACACAGGGATAGATT-1,Red pulp
CCTATGGGTTACCGTC-1,B follicle
GACCCGTCGCCGGCTA-1,Red pulp
ACCCTGGTAACGCCCT-1,Red pulp
AACCCTACTGTCAATA-1,Red pulp
AAACCTCATGAAGTTG-1,B follicle
ACAGAACTGAGAACAA-1,Marginal zone
AACTGAGGTCAGCGTC-1,Red pulp
GTTTGACCAAATCCTA-1,B follicle
TGACGATGCACTAGAA-1,Red pulp
TTATGTTTGCGATAGA-1,Red pulp
ATTCTTCGTACTTATG-1,B follicle
GCTTGGATCGATTAGG-1,Red pulp
ACCGATGGTAGCATCG-1,Red pulp
GGGTGACACCTTAACT-1,PALS
GACTAACACAGCACCT-1,Red pulp
GTCAGTTTGGTAGTCG-1,Red pulp
GAACGTTAGGAAGACG-1,Red pulp
AAGCGTCCCTCATCGA-1,PALS
ACAACGGTCCCTGCGA-1,Red pulp
ATTGACGTAACTCGGT-1,Red pulp
TCAACGCAGGAAATAA-1,Red pulp
GGCAAGCCAGGGATAG-1,Red pulp
CAGACGAACCTGATAC-1,Red pulp
TTGTTCAGTGTGCTAC-1,Marginal zone
ACGCTTAGTGTCTCTC-1,Red pulp
CCGCTTACCTCACTCT-1,Red pulp
ATATGTCTCCCTAGCC-1,Red pulp
TCCGCTGTCATCCCGG-1,Red pulp
GCTCGACCGAACTGAA-1,Red pulp
GAGGCTATCAAAGTCG-1,Red pulp
GACACTGAGTTCAGTG-1,Red pulp
ATGGCAGCCGAGAAAC-1,Red pulp
TCCAGATGTACGCCAA-1,Red pulp
GAAGCTCGGACCCGTC-1,Red pulp
CCTCGAAGTGGACGGG-1,B follicle
GCTTGCAGCACAATTG-1,Red pulp
GCCTAGCGATCTGACC-1,B follicle
GAGTACGGGTATACAA-1,Red pulp
GTCGTACCTACGATTG-1,Red pulp
TCCGATAATTGCCATA-1,Red pulp
TCCGGAGGAAGGGCTG-1,PALS
TCGCTGGGCGGATTGT-1,Red pulp
TCCAGGCGAGTACGGT-1,B follicle
GTCGGATATCTCAGAC-1,Red pulp
ATACGACAGATGGGTA-1,Red pulp
CTGGATTTACACTTGA-1,PALS
TATTCAATTCTAATCC-1,B follicle
AGGGCGTGATCGGCTA-1,Red pulp
GGAGCACCAAGAACTA-1,Red pulp
GCTAGCGATAGGTCTT-1,Red pulp
TCTAGGTGGCGACGCT-1,Red pulp
TTGCACAATTCAGAAA-1,Red pulp
TTACTCTGGTACGTAC-1,Red pulp
CATAGTACATTGAGAG-1,B follicle
CTTTGGCGCTTTATAC-1,PALS
GACAGATTTCTGGCTC-1,Red pulp
TACCGGCTCACTGCCC-1,Red pulp
TTGAGGCATTTAACTC-1,Marginal zone
CTCAGGACTCACCTGT-1,Red pulp
CTAATTATGAAGCGTA-1,Red pulp
AAGCTAGATCGAGTAA-1,PALS
CGTCTCTCGCCGAGGC-1,Red pulp
GTTGGTCATGCTATCC-1,Red pulp
TTCCAATCAGAGCTAG-1,B follicle
AGGCGTCTATGGACGG-1,Red pulp
ATGCATGATCCAGGAT-1,Red pulp
AAGTGACGACCGAATT-1,Red pulp
GTAGCTCCGGGAGGCT-1,Red pulp
AGCCCTAAGCGAAGTT-1,Marginal zone
GAGGTCTTAGTGGGTC-1,Red pulp
TGCATGGATCGGATCT-1,PALS
TAGGTCGCCGGAACTG-1,Red pulp
GCTAAGTAAAGGCGAT-1,Red pulp
ACAGTAATACAACTTG-1,Red pulp
TCGCCGAAGTTGCGTC-1,Red pulp
ACTGTCTTCTTTAGAA-1,Red pulp
AGGCCCTAGAACGCCA-1,Marginal zone
AACTTTCTCGATCATG-1,Red pulp
TTGTTAGCAAATTCGA-1,B follicle
AATAGAACAGAGTGGC-1,B follicle
CATAACGGACAGTCGT-1,Red pulp
CCGTATTAGCGCAGTT-1,Red pulp
GACCGTCAGGTCGTGA-1,PALS
TATTAACACCAAAGCA-1,Red pulp
GCAAGAATTCCTTGGC-1,Red pulp
TTCGTACTCCAGAACG-1,Red pulp
TCCGATGACTGAGCTC-1,B follicle
CCGCCTTGCGATGTCG-1,Red pulp
TGTTCGTATTGCGGTG-1,Red pulp
CGAGGGACTGCGGTCG-1,Marginal zone
CCGGGTTCGAGGTTAC-1,B follicle
TGCAGAGTACCGAGCA-1,PALS
CAGTACCAGTTTACGT-1,Marginal zone
ACTTGGGACCCGGTGG-1,Red pulp
TTAGTAGGGCGGCGGG-1,Red pulp
TACAAGTCTCGTGCAT-1,Red pulp
AGTGAGCCTCGCCGCC-1,Red pulp
TTGTTTCACATCCAGG-1,PALS
GTCACTCTCCAAATCT-1,Red pulp
CTACGCACGGAGTACC-1,B follicle
CAAGCAACGTCGGAGT-1,Marginal zone
GACTGCACCAGCCCAG-1,Red pulp
TATTCGTGCCAGAATA-1,Red pulp
CATGTAGGAGCGCCAA-1,Red pulp
GTCCTACTCTACGGGC-1,Red pulp
GGCCGTTTGGGTTTCA-1,Red pulp
ATTGGGAGTTCTGTAA-1,Red pulp
AGCACCAGTACTCACG-1,PALS
GATCCTAAATCGGGAC-1,Red pulp
TATCGATGATTAAACG-1,Red pulp
GACGCCGTAAAGGCTA-1,PALS
GGTTAGTTACGGCGCC-1,PALS
CCATAAACAACCCGAC-1,B follicle
CGCATGGTGCGATGCT-1,Red pulp
GGCAATAGTCAATGAG-1,Red pulp
AACTGATATTAGGCCT-1,PALS
GTAGAAACGGGTGGAG-1,Red pulp
CCTCACCTGAGGGAGC-1,Red pulp
CAAGCACCAAATGCCT-1,PALS
GAAACCGAATTACCTT-1,B follicle
CGGTTGAGTATCCTTC-1,Red pulp
ATGCCAATCGCTCTGC-1,Red pulp
CAACGGTTCTTGATAC-1,Marginal zone
AGTTTGGCCAGACCTA-1,Red pulp
GCTGCTACTGCGTAGC-1,Red pulp
ATCAGGTCGCCATTGC-1,Red pulp
TTCAATTAGCCATAAT-1,B follicle
TGCTCACACAACAACC-1,Red pulp
ACGAGTACGGATGCCC-1,Red pulp
CGGTACTAGAATCAAA-1,Red pulp
ACTGCTCGGAAGGATG-1,Red pulp
AGTGTATTGCGCATTG-1,Red pulp
CGGCTGAAGGTTACGC-1,Red pulp
GGAGACCAATGTGCTT-1,Red pulp
GGCAAATTACTTTACT-1,Red pulp
TTGCGTGAACGCTTAG-1,Red pulp
TATACACGCAAAGTAT-1,Red pulp
TTGTGGCCCTGACAGT-1,Red pulp
CCAGTAGTCTGATCCA-1,B follicle
CATCGGACGGGTTAAT-1,Red pulp
TCCGCGGCAGCATCTG-1,Marginal zone
AAGGTATCCTAATATA-1,Red pulp
CCCGTAGCTGGGAAGA-1,Red pulp
GCGTTATATTTGGAAC-1,Red pulp
GACCGTTACATGCGAC-1,Red pulp
CCCAGTAAACTTGGGA-1,Red pulp
CCAGCTGATGGTACTT-1,B follicle
TCTGTGATGGAGGTTG-1,B follicle
AATATTGGAGTATTGA-1,PALS
TACGATCCAAGCCACT-1,Red pulp
CACATCGTGCACGCGC-1,Marginal zone
TCCCAGCTTTAGTCTG-1,B follicle
GATCCGGGAATTAACA-1,Red pulp
CAGTAGCCCACGCGGT-1,Red pulp
CGCAATTACTTTCGGT-1,Red pulp
AGAACGTGGTACATTC-1,Marginal zone
ACGAAATGGGCGGCAC-1,Red pulp
GCTTCAGTGGGATTAC-1,PALS
CAGTCCAACGCCTTCT-1,PALS
TGATCAGGGAACTGCT-1,Red pulp
TGTATCCTTATTCCAT-1,Red pulp
ACACACCAGGACCAGT-1,Red pulp
CTGAATTTATTGCCAG-1,Red pulp
GTGAGGAGCGGTTGAG-1,PALS
GCATTGTAATTCATAT-1,Marginal zone
CGGACGTTACTTGAAG-1,Red pulp
AGTCAACACCACCATC-1,Red pulp
ACCTAATCGACTTCCT-1,Red pulp
CAGCGCCAACACGATA-1,Red pulp
CCAGTCTAGACGGCGC-1,Red pulp
GGTCGTAAGCTCGCAC-1,Marginal zone
CGTCACGTCCATTGGT-1,B follicle
AAGGATGAGGGACCTC-1,Red pulp
GGGTGTTTCAGCTATG-1,PALS
GCGAGAGGCCATGTAA-1,Red pulp
GACTACAAAGCGGTGG-1,Marginal zone
GTTAGCCGTAAATCAA-1,Red pulp
CGAACCCGCATGCGTC-1,Red pulp
CTGCGTTACGATATAA-1,Red pulp
AAATTGATAGTCCTTT-1,PALS
GCTTATGAAGCAGGAA-1,Red pulp
GACTAAGTAGGCTCAC-1,PALS
GTGGGCTTAGACACAC-1,Red pulp
GGTAACTATGTATCTG-1,Red pulp
ATAATAGTGTAGGGAC-1,Red pulp
ACCAAGAACGCGTGTC-1,PALS
ATGGGTGTATACCTCC-1,Red pulp
CTTGAGTTAGGGTAAT-1,Red pulp
ATGGCTGGAAATGGCC-1,Red pulp
TATTACCATCCTGCTT-1,Red pulp
CATCTACCCGAGAACG-1,B follicle
ATTACGCGCTGGCAGG-1,Red pulp
ATTACTAGCCTCTTGC-1,PALS
ATAGACAACGGGACCT-1,Red pulp
CGCTATACCGCCCACT-1,Red pulp
TGTTTAATACTTCATC-1,B follicle
GCGGGCGAGCCTTACC-1,Red pulp
GGTAGAAGACCGCCTG-1,Red pulp
CCTGGCTAGACCCGCC-1,Red pulp
CTGCCAAGGTTGGAAG-1,B follicle
AGTAGCTAGACGCCGA-1,Red pulp
AGGGCTGCAGTTACAG-1,Red pulp
CCCACTCCACGGTATC-1,Red pulp
TGAGGAGTGCCAGCTT-1,Red pulp
GGAGGGCTTGGTTGGC-1,Red pulp
TATATCCCTGGGAGGA-1,Red pulp
CTGGGCTATCCTTTGG-1,Red pulp
GGGCCTATACAACCGG-1,Red pulp
AACCCAGAGACGGAGA-1,Red pulp
CCTGTCACCCGGGCTC-1,Red pulp
AGATTCAAGCGGGTCG-1,Red pulp
CCTGTGCGGATTGTAA-1,PALS
TCGCCCAACTGACTCC-1,Red pulp
CGCGGTCACAAACCAA-1,B follicle
CTTGTCAACATTCGAG-1,Red pulp
TCCCTTAGATTACTCG-1,PALS
AGTTACTCTATCGTGG-1,Red pulp
CGGTGAAGACTAAAGT-1,Marginal zone
CATACTATGTAATTGT-1,Red pulp
TGATCGGTTTGACCCT-1,Red pulp
ATAACGCCGGAGGGTC-1,PALS
TACAACGCACAACTCA-1,Red pulp
GGGCGGGTTCCCTACG-1,Red pulp
CGGCAAACATCGTGCG-1,Red pulp
CACGGCGCGCCAAAGG-1,Red pulp
CAATTTCGTATAAGGG-1,PALS
ACTATTTCCGGGCCCA-1,Marginal zone
GTTACAATTGGTGACG-1,B follicle
GTTCATCGTTTGGCTG-1,Red pulp
CCGGCGTGAGACTCTG-1,Red pulp
TGGGCACGTTCTATGG-1,B follicle
ACTATATGCTGTGTTC-1,Red pulp
GAGCTAAGGGCATATC-1,B follicle
TTCAACGACCCGACCG-1,Marginal zone
CGACTCGGTACACGGT-1,Red pulp
GCAGCTATGGACAGGT-1,B follicle
GAGATGGGAGTCGACA-1,Red pulp
TCGGCGTACTGCACAA-1,Red pulp
TGCGACACCCTAGTGC-1,Red pulp
AACTCTCAGTGTGCTC-1,Marginal zone
GCGAGGCCCGAGCAGA-1,Red pulp
CCAGGGACGTGGCCTC-1,PALS
CATCATCTACCCGGAC-1,B follicle
GAAGTTTCCACTCAAT-1,Red pulp
GGGCCCTACGAAAGGG-1,Red pulp
TACCTCCACACCAATG-1,Red pulp
GTTACCTACAACTTGC-1,Red pulp
CCGGAGCGTACTTTCT-1,Red pulp
GTTATATCAGGAGCCA-1,Red pulp
ACGTGGTCGAATGTGC-1,Red pulp
AGTCGGCTCAACTTTA-1,B follicle
GACAACGACCATTGAA-1,Red pulp
TTCCGGCTCGACTTCT-1,B follicle
GGTCATTGTAGTCATA-1,Red pulp
CTGAAACGGCCCTCAG-1,Red pulp
AGTGACTGTGACACAA-1,Red pulp
CCCTGAAATGAGTTGA-1,B follicle
ATCAATCTGGGCTGCA-1,Red pulp
CACATGATTCAGCAAC-1,Red pulp
TGGCAAACTAAATTAC-1,Red pulp
TAAGGCATAACATCAA-1,Red pulp
TCTACGGGCTCAGTTG-1,Red pulp
GAGCGAGGGAGTACCG-1,Marginal zone
GCCGAAATTCCTACGT-1,Red pulp
AATTTGGTTCCAAAGA-1,B follicle
TTGAATCGTTGTATAA-1,Red pulp
ACGACTGGTCATACTC-1,Red pulp
TAGGTGCTCGCCTAGC-1,Red pulp
TGGCAGATTACGATCA-1,Red pulp
GGACCTACGGTAACGT-1,B follicle
TACCGCGGACTTGCAG-1,Red pulp
AGATTATAGGACGTTT-1,B follicle
GGTAGTGCTCGCACCA-1,B follicle
ACACACTTTCTACACG-1,Marginal zone
CGGGCCTTCTTTGTAA-1,Red pulp
GACCGTGCTGACGGTG-1,Red pulp
CGCAATTCTACAATAA-1,Red pulp
TATGGTCTGAGTAACA-1,B follicle
GTCTATCTGAGTTTCT-1,Red pulp
ACCCATCTTGAGGGTA-1,Marginal zone
TATCAGTGGCGTAGTC-1,Red pulp
CCTGACGCAACCTTTA-1,Marginal zone
TGGCTCTTGTCGCGTA-1,Red pulp
CCTGACCACCGATGGT-1,Red pulp
ATTCCCACATAAACAA-1,Red pulp
CACGACCACAGACTTT-1,B follicle
GTAAGTAGGGTATACC-1,PALS
CTAAAGAATGCCTACT-1,Marginal zone
CGATAACCAATTTGAG-1,Red pulp
GATGACAAGTAGGGCA-1,Red pulp
TGACTCCGAATCATAC-1,Red pulp
TATACACAGACGCCTT-1,Red pulp
ACATCGTTAACCTAGT-1,B follicle
ATTCGACGCCGGGCCT-1,Red pulp
CTTTGGCAGACAGAGT-1,B follicle
ACATCTCAACGCGTAA-1,Red pulp
TCGGGATTCAAACATA-1,Red pulp
GGCAAGGCGAAATAGC-1,Red pulp
GCGATTGTTAACGTTA-1,PALS
GGGCTCATCGAACCCA-1,Red pulp
CCCAACATACGTCGCG-1,Red pulp
CACTTCGCCACAGGCT-1,Red pulp
CGCACATGTCCACTAC-1,Red pulp
GCTTTCTATCTCAACT-1,Marginal zone
CCAACGCTTGCCAGGG-1,B follicle
CGGTTGGGTTCAAGTT-1,Marginal zone
TAACAAAGGGAGAAGC-1,B follicle
ATAGTCTTTGACGTGC-1,Red pulp
TGTTCTTCCATTGACT-1,Red pulp
TACTGAACAGATTTAG-1,PALS
TACCAGCTAGGTTTAA-1,Red pulp
CCTACTGCGGCGGCCA-1,Red pulp
CGGAAATTTCACATCC-1,Red pulp
ATGCCGGTTGATGGGA-1,PALS
TAGTTTATTCTTGCTT-1,Red pulp
ACGAGGATACCACTCT-1,Red pulp
CGGTTATCCAACAGTG-1,Red pulp
CCAAGGAACAGAGAGG-1,Red pulp
ATCAAACGAAGGTTTG-1,Red pulp
GGGATGGTCGTAACCG-1,Red pulp
ATGTGAAAGCCTAATG-1,B follicle
GAGCATCAACAACTTG-1,Red pulp
TCCGGTTCGTCCGGTC-1,Marginal zone
ATATTCAGTTAAACCT-1,Red pulp
GCTGGCATATTCACCT-1,Red pulp
GGTGCGGATAAGTGGC-1,Red pulp
GTGTTACTATGCGTCC-1,Red pulp
TGGCTTGTACAAGCTT-1,Red pulp
CGACAGTTCGCGTTAT-1,Red pulp
TTGCCATAGCCCGCTC-1,B follicle
GAACTTAGCGCCCGGT-1,B follicle
CTGCCATGCATCACAT-1,Marginal zone
TGGTTCGTAGCAAAGG-1,Red pulp
TCGCTTTAAACGTTTG-1,Red pulp
GTATGAAATTTCACTC-1,Red pulp
AGCCACTCCCGTGCTT-1,Marginal zone
AGTGAAGATGGTGTCC-1,Red pulp
TACCGTGCCTCGGACC-1,Red pulp
CGCGTACATTCTGGAA-1,Red pulp
CGCCGGTGTCGCAGTA-1,PALS
TTAAGCCGACAACTTC-1,Red pulp
CTACCCTAAGGTCATA-1,PALS
AAGCCGCTTTACCTTG-1,Red pulp
TTCCGGCCTTGAGGCT-1,B follicle
CCTCCTGAGCCCACAT-1,Red pulp
TCCGATTACATTGCCG-1,Red pulp
TTGCCCTGATCACGGG-1,B follicle
TACTTTACTGAGCCGG-1,Red pulp
TGAAAGGACCTGACTC-1,Red pulp
CTTGCAACCGCCTCCT-1,Marginal zone
AGGCTATGGTTAGCTT-1,Red pulp
CACTAAAGTTGCCTAT-1,Red pulp
TAATATTGAAATTCGC-1,Red pulp
GTGCCCGTTCGGATTC-1,Red pulp
AAAGTAGCATTGCTCA-1,Red pulp
GTTTGGGCTTGTGAGC-1,Red pulp
AGGAGACATCCACAGT-1,Red pulp
TTAACCAACCCTCCCT-1,Marginal zone
AAATGGTCAATGTGCC-1,Red pulp
CCTACGGCTCAGTCGA-1,Red pulp
TTCGACGGGAAGGGCG-1,Red pulp
AAAGTCGACCCTCAGT-1,Red pulp
TGCGTAAGAACCTGAT-1,PALS
AACTGGGTCCCGACGT-1,PALS
GTGTGAATAACTTAGG-1,Red pulp
CGGTCTATCAACCCGT-1,Red pulp
AGTACCTTCGAGTGCT-1,B follicle
TATCCTGCATGGGAAT-1,Red pulp
GATAACTCGCACTGTG-1,Red pulp
TCAGCAGTAGGCCCTG-1,Red pulp
GATCGTGACTGATATC-1,B follicle
GCGCAAATATATTCAA-1,Red pulp
CCGCTATCAGCACCAG-1,Red pulp
ATTCAGTAGCAGGGTC-1,Red pulp
GAATTCACCCGGGTGT-1,B follicle
TGGTATCGCATCCCAA-1,Red pulp
AGCTCTAGACGTTCCA-1,Marginal zone
AGCTAACAAGCAATGT-1,Red pulp
AGGTGTATCGCCATGA-1,PALS
GCGGAGAAACTTCGCA-1,B follicle
GAATTTCTCGCTGCAG-1,PALS
AACGTGATGAAGGACA-1,Red pulp
ATCCACTTTCAGACTA-1,PALS
GCAAGTGCACAGAGAA-1,Red pulp
CCGACGTAAACACAAC-1,Red pulp
GTAGAGGGAGACAAGT-1,Red pulp
TATCGATCTATGCATA-1,Red pulp
GCTAAGTAGTTTCTCT-1,B follicle
ACTCCCGAATTCGTTT-1,Red pulp
TGGCCAATTTGGTACT-1,Red pulp
TCAGACGCTATAGAAG-1,PALS
GTACTCCCTTATCGCT-1,Red pulp
ATAGGTTGGGCAGATG-1,Red pulp
TATCCATATCATGCGA-1,B follicle
TATATTCGCGTCGATA-1,Red pulp
GAAGCGTGAGGAATTT-1,Red pulp
CGAAACGCAATTCATG-1,PALS
AGACCGGGAAACCCTG-1,Red pulp
ACTTTGACTGCATCCT-1,Red pulp
TTGAAAGGTGTAAAGG-1,Red pulp
TGCAAGAATGACGTAA-1,B follicle
TTGCATGCTGATCACG-1,B follicle
TCTAAAGAACAGTCTC-1,Red pulp
CGTTCATGGTGCGCGT-1,B follicle
TAGAGTCTAAGCGAAC-1,B follicle
AATGCAACCGGGTACC-1,B follicle
CTGGCGCACAGGTCTG-1,Red pulp
ACCCTTTAGTTCTCCA-1,B follicle
TAACCTACCGTCCGAG-1,Red pulp
CAATGGATCTCTACCA-1,B follicle
CATCTATCCCGTGTCT-1,B follicle
TGCTCGGCGAAACCCA-1,Red pulp
GTCCTTTAATGACTTC-1,Red pulp
TACGACGCTTGCTGCG-1,B follicle
GGACCTCTAGGCCGCC-1,Red pulp
CTGTTCACTGCCTGTG-1,Red pulp
GCGATTCTGGAAGCAG-1,PALS
TCATCACTCGAGCTCG-1,Red pulp
ACCAAACACCCAGCGA-1,Red pulp
AAACGAGACGGTTGAT-1,B follicle
GTCATTGCATTGACCC-1,Red pulp
GTTGGATTGAGAACAC-1,Red pulp
CCAGATAGTTGAGTGA-1,B follicle
CATGGAAATGGGACCA-1,Marginal zone
TGCGGAGTAAAGGTGC-1,Red pulp
GTATTCTGAGAAACGA-1,B follicle
CTTTAGTGCTATTATT-1,Red pulp
GGGCGGCAAATGAATT-1,PALS
ATCTCATAAACCTACC-1,Red pulp
TGGGATGCACTCATTC-1,PALS
AGACCCGCCCTCCTCG-1,Red pulp
GATGCGTCCTGCATTC-1,Red pulp
GGGCCGGCCGAAGTAC-1,Red pulp
CTTCATAGCTCAAGAA-1,B follicle
CACGTTCGTGCTCTAG-1,Red pulp
GGGCAACCGCACGTGC-1,PALS
CAGTTCAAATTGACAC-1,Red pulp
AAATTAACGGGTAGCT-1,Red pulp
TCCACAATGGTTTACG-1,B follicle
GCCCACTGGTCCACAA-1,Red pulp
ACTTATTAGGATCGGT-1,Red pulp
CACGGGATTGAGGGTT-1,Red pulp
CGAATTACATGGTGTT-1,Red pulp
TACTTGTTAGTAGTCC-1,Red pulp
GCAACCACCAGACCGG-1,Red pulp
AAAGACCCAAGTCGCG-1,Red pulp
ATGGTCGCGTGGTTTC-1,Red pulp
AGTGCGTAGCTCGTAA-1,Red pulp
CCATAGGTTGGCGTGG-1,Red pulp
TTACTATCGGCTTCTC-1,Red pulp
GTGGTCAGCGAAGTAT-1,Red pulp
TTAACACCTCGAACAT-1,Red pulp
ATCCTGCGTGGAATGG-1,Red pulp
TAACGCTTTGAGAGCG-1,Marginal zone
ACTGTAGCACTTTGGA-1,Marginal zone
CCGCTGGTGCCATTCA-1,Red pulp
TGCGTCATGACTGAGC-1,Red pulp
TTCCACACAGATTTGA-1,Red pulp
GATAGGTAACGTTGAC-1,PALS
TTGGTCACACTCGTAA-1,Red pulp
AAGATTGGCGGAACGT-1,Marginal zone
TTACTCCGGCCGGGAA-1,B follicle
GAAGTGCTGGATAGCT-1,Red pulp
AGATGACTCGCCCACG-1,Red pulp
GCTGTATTACTGGCCC-1,Red pulp
TGTACGAACAAATCCG-1,B follicle
TAACTCATCCGCGCGG-1,Red pulp
AACTCAAGTTAATTGC-1,B follicle
CCCAATGAGATTTGCA-1,Red pulp
ACCACCCTCTCTTCTA-1,Red pulp
CAACAGAATAACGCTA-1,Red pulp
GAAACCATGGTGCGCT-1,Red pulp
TCCCAAACAGACAACG-1,Red pulp
CATACCCGTACCCAGT-1,B follicle
GCGCCGTTCCACGATA-1,Red pulp
CACCCACGAGGCAATT-1,PALS
TTACGTAGCGCGTGCT-1,B follicle
TCTAGCATGCCCAGAA-1,PALS
CACACGTTTCAATGGG-1,Red pulp
TTATCGCCTGCGAAGC-1,Red pulp
CGAAGCTATAAATTCA-1,Red pulp
GCCCGATCTGTGGTCG-1,Red pulp
AGATACCAGCACTTCA-1,Red pulp
GGTGATAAGGAGCAGT-1,PALS
GATCAACATAAAGGGA-1,Marginal zone
AAGTAGAAGACCGGGT-1,Red pulp
TCCAGAGCACCGGTTC-1,Red pulp
CAAGTGTGGTTGCAAA-1,Red pulp
AGTTCCTATTTATGTT-1,Red pulp
CTTCCGCTCCGTGAAG-1,Red pulp
TTATCTGACATTAGGA-1,Red pulp
GGGCCCGTCTTAAACA-1,Red pulp
TATCCATCTCGGTTAG-1,Red pulp
TGGTCGTTTGATAGAT-1,Red pulp
TGATTATGGCACGCAG-1,B follicle
CCACCCAAGGAAAGTG-1,B follicle
CAACTCCTTGATCCCG-1,Red pulp
CACCGTTGCGCGATAT-1,Red pulp
TAGGGAGCTTGGGATG-1,Red pulp
GTTGTCGTGTTAGTTG-1,Red pulp
TGACACTTCTCTTTGC-1,Red pulp
TTGCTCCCATACCGGA-1,B follicle
CCCGGTGGAAGAACCT-1,Red pulp
CAATATGTAGATTTAC-1,Red pulp
CACCAGTCAGCATGCA-1,Red pulp
AGGGTCGATGCGAACT-1,Red pulp
ACATCGGTCAGCCGCG-1,B follicle
AGTAGGTAACATACAT-1,Red pulp
GTAGCTTCCTCTTGTT-1,Red pulp
ATTACTTACTGGGCAT-1,Red pulp
CCCTATGTAGAGCAGA-1,Red pulp
AAGGAGCGGTTGGTGC-1,Red pulp
ACTCGTCAGTAATCCC-1,B follicle
TTGCGGCATCAGAAAG-1,B follicle
TACCTCAGTTGTCTGT-1,Red pulp
CCCAGTTAAGGCGCCG-1,Red pulp
AATCTGGGTAGACCCT-1,B follicle
CTAGTCACGTCTTAAG-1,Marginal zone
GATTCGACGGTTCACG-1,Red pulp
CGGTGGGCTCCAGCCT-1,Red pulp
TTACAACTACGCATCC-1,Red pulp
GCATTGACTTGCGGAA-1,Red pulp
CTTTGTCGAATGCTCC-1,Red pulp
GGCTCCTCCACCTGTT-1,Marginal zone
ATGAGGAGTGTTAATC-1,B follicle
TCCCTGGCGTATTAAC-1,Red pulp
TTCTGCTAGACTCCAA-1,Red pulp
CCAGCTTCCGCCCGCA-1,Red pulp
AGCTCGTTGATGGAAA-1,Red pulp
CTATGTGAGTCACGGC-1,Red pulp
GCACAAACCCTAGATG-1,Red pulp
TTCCAATCTGGCTATC-1,Red pulp
GTCTAAGATGCCCAGC-1,Red pulp
AGGTAACCTCCTATTC-1,Red pulp
CTGGGCACTAGTCGGA-1,B follicle
TTCAGGCGTCAAAGCC-1,Red pulp
TGAGATCAAATACTCA-1,Red pulp
AGAAGAGCGCCGTTCC-1,Red pulp
TGTTGTCAAGAAGTCT-1,Red pulp
CAGATCATTTAAAGTC-1,Red pulp
GCTTGATGATAATCAG-1,B follicle
ACAGCATAGAGCCAGT-1,Red pulp
CAAAGGTTAAATTCAG-1,PALS
TAAGCGCGAATCAAAT-1,Red pulp
ATTTAACTCGTATTAC-1,Red pulp
GTGATCAAGCGTGCAC-1,Red pulp
GCGGTCCCGGTGAAGG-1,Red pulp
AGGCAGGGAGCGTACT-1,Red pulp
CCGAGCTGTGCTTGTC-1,Red pulp
AAAGGTCAACGACATG-1,B follicle
TGCCAATGGGTACTCT-1,PALS
CCCGAAGTTTCGCGAA-1,Red pulp
CTAATTCGCACGCGCT-1,B follicle
TCGGGAACGTGCCTAG-1,Red pulp
AACAATTACTCTACGC-1,Red pulp
CTAGATGTGAGTGTAA-1,Red pulp
TACGCAGTTCTTTCCT-1,Red pulp
GAATAGTGCTCGATTA-1,PALS
ACTATTCGTCCGTGGT-1,B follicle
AGTGTGGTCTATTGTG-1,Red pulp
GAATCTATACTCGGAC-1,Red pulp
AAAGGGATGTAGCAAG-1,B follicle
GCTGCTAAGTAGTCGA-1,Red pulp
GATTGCTCCAGTTGCA-1,Red pulp
TCCGGCCTGCATCGAT-1,Red pulp
GGTGCAGAGCCTATCG-1,Red pulp
TCGCTGTGCGTAAATC-1,Red pulp
GCTGAATCTTCCAATC-1,Red pulp
GGATCTTACTGCCCTT-1,Red pulp
TGGAGCTAAAGTTCCC-1,Red pulp
ATTGAAGATCTTAGTG-1,Red pulp
TATGGGTACGTATCGT-1,PALS
CCCTCATTCTGGAATT-1,Red pulp
TGATACATTTAGCCGT-1,PALS
TCTAGCATCTTCGATG-1,Red pulp
GCTAGCTTGAATAGCT-1,B follicle
GCCTATGCTGGGCCTT-1,PALS
TGCACGAGTCGGCAGC-1,Red pulp
TGGAACCACTGACACA-1,Red pulp
CACTACTCAGTTCTGT-1,Red pulp
CCACGAGAAGAGAATC-1,B follicle
TGCCGTGGATCGTCCT-1,Red pulp
CTTGTACTTGTTGACT-1,B follicle
ATTCAGGATCGCCTCT-1,B follicle
TCCTTCAGTGGTCGAA-1,B follicle
GATGCTGTATTTCATC-1,B follicle
GTGCTGCAGATAAGGA-1,Red pulp
TAATAGTGACGACCAG-1,B follicle
AGGACGACCCATTAGA-1,Red pulp
GCCCATGGGTGCAATG-1,B follicle
CTCTGGACGCCTGGTG-1,Red pulp
CAGCTGGCGTAACCGT-1,B follicle
GTATAGTGGCCCATGT-1,Red pulp
ATGCTCAGTGTTGCAT-1,Red pulp
TCTTCGAATAGACGTT-1,Red pulp
TGCATCTCCGGATCTT-1,Red pulp
GGGCTGGTTAGTCGCG-1,B follicle
ACGCGGGCCAAGGACA-1,Red pulp
TGAATGAGATACAGCA-1,Red pulp
TCACGATGTCCGTGGA-1,Red pulp
CTAGACTGCATTTCGT-1,B follicle
CCTGCGTTCTACGCTT-1,Red pulp
TTCCCGACGCTTCACT-1,B follicle
AGAATGCGGGTTCGGA-1,B follicle
GCTGGTGACTCGTAGT-1,Red pulp
TAAGGAACTTGTGGGA-1,Red pulp
ATAAGTTACCGCGACG-1,B follicle
TCGAGCCAGGCAGGCC-1,B follicle
TAGGCGATGAGGTCTC-1,Red pulp
CCACACTGAGATATTA-1,Red pulp
AATGGCCGCCAATGCG-1,PALS
GTGGAACCTACATGCG-1,Red pulp
TGCGCGATTAACGGAG-1,Red pulp
CTGCACTCCAGTACAG-1,Red pulp
TTCGCTATCTGACGTG-1,PALS
GAAACTCTAATGAAGG-1,B follicle
GGTAAATGTGCGTTAC-1,PALS
CCATACCTTTACTTGT-1,Red pulp
AAACGACAGTCTTGCC-1,Red pulp
AGTTAAACACTTGCGA-1,Red pulp
TTCAAGCCGAGCTGAG-1,B follicle
AAACAGAGCGACTCCT-1,Red pulp
CAAGAGGGCGGAGTAC-1,Marginal zone
CTTTAATATTGGTCGA-1,Red pulp
CGCCGCCCATGCCTGT-1,Marginal zone
TCGGAATGACCATCAA-1,Red pulp
CTAGATTTACGACGGC-1,Red pulp
GAATGTGGTCCGGATT-1,Red pulp
AAGATGGCACCGGACC-1,Red pulp
AGTACGTGGCCTGTCT-1,Red pulp
GAAATTGTCTCTATAA-1,Red pulp
GACACAAGGGAAGAAA-1,Red pulp
TTGATGTGTAGTCCCG-1,Red pulp
TCTGTTACCCAGCATA-1,Red pulp
CGCCAAGAAGCCGAGT-1,Red pulp
GACTCCTTCCAATTGA-1,Red pulp
CCATCATAAGAACAGG-1,B follicle
CTGGTCCTAACTTGGC-1,Red pulp
TAATCGATCCGTACGT-1,B follicle
AATTCATAAGGGATCT-1,Red pulp
ACGTTAGATTTGCCCG-1,B follicle
TTCAATACTCTGAATC-1,Red pulp
TACGAGAACTTCACGT-1,Red pulp
CCTGCCCGTTGTCTAG-1,Red pulp
TGCGGTGAAATTTCAT-1,Marginal zone
GAAACAGCCATGCAGT-1,Red pulp
TCTCCAACGTAGGTTA-1,Marginal zone
GGTTTGACAAGAAGCT-1,B follicle
TGGTTCAACGGGTAAT-1,Red pulp
ATCCAACGCAGTCATA-1,B follicle
TGATCCCAGCATTAGT-1,Red pulp
TCCGGCCTAGCGTACA-1,Red pulp
TTATGATCTTAACGAA-1,Red pulp
GGCTCGCGTTGAGGTA-1,PALS
GATGTGTTGTCACAAG-1,B follicle
AGGTACGATATTGCCA-1,Red pulp
GCATTCAAGGCAACGC-1,Red pulp
ATTAATTCGGTCACTC-1,B follicle
GCCGCATTAGTCCGGC-1,Red pulp
CGAGCGTTGATCAGCC-1,Red pulp
TCGTATAGTGCAATTA-1,Red pulp
TCACCGCTCGGCACTC-1,Red pulp
CCTATGGCTCCTAGTG-1,Red pulp
GCCCTAGCCGTCGCGA-1,Red pulp
TCACTCGTGCAACGGC-1,Red pulp
ATTACAACTACCGGCC-1,B follicle
CCGCACGTGACCTCGG-1,Red pulp
CACACGCGCTGTCTTA-1,Red pulp
CCCGCAGGGCCCAAAG-1,Marginal zone
AGGTCAGGTGAGAGTG-1,B follicle
AGTATTTGGCACGACC-1,Red pulp
GGGTCACTGAGTAGTG-1,Red pulp
TCTGAACCGGTCGGCT-1,PALS
CATGCACGTGTTACTG-1,Red pulp
GGAAACCTTGTTGAAT-1,Red pulp
GGTACATCTGGGACGA-1,Red pulp
CCGTTACGTTAGAACA-1,B follicle
TAGGAACAGCCTCCAG-1,Red pulp
CCAACGATGCACTGAT-1,B follicle
TCCGAAGTAGTCACCA-1,Red pulp
ATAAAGGTCAAGTACG-1,Red pulp
TTCTTAGTGGCTCAGA-1,Red pulp
GGGCGTCCACTGGCTC-1,Red pulp
AGTACGGCCCGTATCG-1,Red pulp
AACTGGGTTCGAGCCG-1,Marginal zone
ATCGCACGCCGGGAGA-1,Red pulp
AACGTGCGAAAGTCTC-1,B follicle
GGGTTAACATTTGAGT-1,Red pulp
TCGAGACCAACACCGT-1,Red pulp
TTACCATTGATTACCC-1,Red pulp
CGGTGCGCGTTGGTCC-1,B follicle
CGCCCTTACATCCACC-1,B follicle
TGCATGTGGTAATCTA-1,B follicle
GGGCTATGATCGATGG-1,Red pulp
GAAACAGATGACCACC-1,Red pulp
TTGGCTCGCATGAGAC-1,Red pulp
CGTGCCCTCCCGAAGA-1,B follicle
TGCTGTTGAAGAACTC-1,Red pulp
CATCGCCCGCGGCCAA-1,Red pulp
AGTGGTTGCGTATAGG-1,Red pulp
TAGACGCCCGTACCGG-1,Red pulp
CTATGTCACTAGCCCA-1,Red pulp
GACCCAATTATGATAC-1,Red pulp
TTGACCGTGTTAATGA-1,Red pulp
GCACTAGTCGCGCTAT-1,Red pulp
TTGTAACTTCATAGCG-1,Red pulp
TAATAGAACAGAGTTA-1,B follicle
TCTAGTTATCAGAAGA-1,B follicle
ACGGGCGTATGCGACA-1,Red pulp
CCAGAAAGCAACTCAT-1,Red pulp
AATATCGAGGGTTCTC-1,Red pulp
GTTACTTTGGGCCTAG-1,Red pulp
TATGATAAATCTAACG-1,PALS
ACTGCCGTCGTAACTC-1,B follicle
TAATACACAGTAGTAT-1,Red pulp
AACGTACTGTGGGTAC-1,B follicle
TCAGTGTATACGTCAT-1,Red pulp
TATAGCGCACGTTATC-1,Red pulp
AAGGGAACGACTGGCT-1,Red pulp
TGGACTGTTCGCTCAA-1,B follicle
TTAATGCGAGGTAACT-1,Red pulp
GAGGGTAGTAACAAAG-1,PALS
CTTATGCGCTCAGGGC-1,Red pulp
CCAAGCGTAACTCGTA-1,PALS
AGCAGCCAGATGAATA-1,Red pulp
AGGTCGCGGAGTTACT-1,Red pulp
TTAGACGAGTCACCTC-1,Red pulp
GCGCTATGCCGAGGCA-1,Red pulp
GGAGGATTGAAAGGAG-1,Red pulp
GTGGAGCGTTTACCGA-1,Red pulp
TGTCTACAGTTTCTGT-1,Red pulp
CAGGTTTAGTACTACA-1,Red pulp
GATTCCCTTGTCGCAG-1,Red pulp
ATCAGTAGGCAGGGAT-1,Red pulp
ATATCGTGCCAGACCC-1,Red pulp
TTGACATGAACGTGGA-1,Red pulp
AGACGGGCCGATTTAA-1,Red pulp
GGTAACCGGGAGGATA-1,Red pulp
CACAATGAGCTGCTAT-1,Red pulp
GCATCCCTAACTTTGA-1,Red pulp
CGGAGCAATTTAATCG-1,Marginal zone
TGATCTACGCTGATCT-1,Red pulp
GATTTAGTGCGTACTG-1,Red pulp
ACTCCCTAGAATAGTA-1,Red pulp
TGGCACGAGCTCGAGT-1,Red pulp
ATAGGAATCTAAGCTT-1,Marginal zone
CCGTGCCCATGACGGC-1,Red pulp
TAACATACACGCGATC-1,Marginal zone
AGCGTGGTATTCTACT-1,Red pulp
TCGTAAGACGACATTG-1,Red pulp
AGTAACGTTCATCCTG-1,Marginal zone
GGGTATTCTAGCAAAC-1,Red pulp
GTGTCGTATTCACCTT-1,Red pulp
CCCTGGCTGTTCCTTC-1,Red pulp
AACAGGATGGGCCGCG-1,Marginal zone
TCCTCTGGCCCATTAG-1,B follicle
TCCCACTCTCTTCCGG-1,Red pulp
CCTTCTTGATCCAGTG-1,Red pulp
TTATGACAAACTGGAT-1,B follicle
CGACATGCGATCTTCT-1,Red pulp
ACGAGATATTTGCTTA-1,B follicle
GGGTCACCGTGACGGT-1,Red pulp
AGGTTTCACACACCTT-1,Marginal zone
GAAGCTTGCTGACCGC-1,Red pulp
AATAGCAAGCCTCCTG-1,Red pulp
GCCACAATTTAAGGAC-1,Red pulp
AGCGACCAACGATATT-1,Red pulp
ACTCCAATATCATCAT-1,Red pulp
GTTGGATTTGCGTTGG-1,Red pulp
ATTAATGAACCAGTCG-1,PALS
GAGGAATGGAGAGGTT-1,B follicle
GGGTGGTCCAGCCTGT-1,Red pulp
AACGATATGTCAACTG-1,B follicle
GCGACGATAGTTGTAC-1,PALS
CAAACGAGTATCGCAG-1,Red pulp
CTAGACATATATGTAG-1,Red pulp
GCAACCACGGCCGCGT-1,Red pulp
TATATAGGGCTTTACG-1,Red pulp
TCCCAAAGACGAAGGA-1,B follicle
TAAGTCGCCGAGTATC-1,PALS
TACCTGCTGCACTGTG-1,Red pulp
TACTGGACAGCTCGGC-1,Red pulp
GCCGACCCACGACTGC-1,Red pulp
ATCACGTGCTAATTAA-1,Red pulp
TGGTTTAAACGTGGGT-1,Red pulp
TCACAGGGAATCGCAA-1,Red pulp
ACGCCAGATGATTTCT-1,B follicle
CAAGATATTATAACGT-1,Red pulp
CTGCCTTTAATACCTT-1,Red pulp
CAATCCATTATCCGTT-1,PALS
CGTTGTTTCAATTCCC-1,Marginal zone
TGCTGGTTGGACAATT-1,B follicle
GTAGCGGCTATACACT-1,Red pulp
CGATCCGACCCAGTGC-1,Red pulp
TTATCTGTATCATAAC-1,Red pulp
AAAGGCTCTCGCGCCG-1,Marginal zone
GATCTTTGCAGGGTAT-1,Red pulp
ATACGGGTTTCGATTG-1,Red pulp
CACCTTGCGAAACTCG-1,Red pulp
GTAATCTGATTCTTCG-1,B follicle
ATGAAGCCAAGGAGCC-1,Red pulp
CTGCGGGTGAAATGTT-1,Red pulp
CTACAAGAAATAACCC-1,Red pulp
TTATATTTGGCAATCC-1,Red pulp
CTCAGCAGACTGCCGA-1,Red pulp
CGCAAACACGAGTTAC-1,PALS
CCTAGGTAAAGGTAGC-1,Red pulp
TTCTAACCGAAGCTTA-1,Red pulp
CTGCACCTGGAACCGC-1,Red pulp
GTGCGGGTCTCCAAAT-1,B follicle
GGATGTCCTTACCGCA-1,Red pulp
GGCGCATGAATTGATG-1,Red pulp
AAACCGTTCGTCCAGG-1,B follicle
CACTTAATCAGACGGA-1,Red pulp
CATATTATTTGCCCTA-1,B follicle
AAGACCCAACTGAACA-1,Red pulp
CATGCTGGCTCCAATT-1,Red pulp
ATATTGCTGTCAAAGT-1,Red pulp
CTAATTTCAACAACAC-1,Red pulp
CAAATGTCCTTCCGTG-1,B follicle
CGCCCAGCACGCCTAG-1,Red pulp
CACGTCTATGATGTGG-1,Marginal zone
GAGACTTCGCGACCGA-1,PALS
GGTGAGATGCAGATAA-1,B follicle
GAATTATAGTGAAAGG-1,Marginal zone
GTGAACTCCCATTCGA-1,Red pulp
ACCCGTGTCATCAGTA-1,Red pulp
GATGTTTGTGCGAGAT-1,PALS
GTCTACTCAATTACAA-1,Red pulp
AACTCTCAATAGAGCG-1,Red pulp
CTATTTGGTTACGGAT-1,Marginal zone
CCCGTGAGGGCGGTGA-1,Red pulp
GTTCCAGTCTGACCAT-1,Red pulp
AACCCTGGTGGAACCA-1,Red pulp
GACTCCCAGAATAAGG-1,Red pulp
TCGTGTCACGCTGACA-1,Marginal zone
AGAGAACCGTCTAGGA-1,Red pulp
TCACTACGACCAATGC-1,Red pulp
TGGGAAATGCCTTTCC-1,Red pulp
TCGTTCGTTATTATGT-1,Red pulp
ACCGACTGAGTCCCAC-1,PALS
CGGTTTATGAAGGAAC-1,Red pulp
ACGTTCCGCGCTCCGT-1,Red pulp
CTGTCAAATGGCTCGG-1,Red pulp
ACATCCCGGCCATACG-1,Red pulp
TCGGAGAGTATCGGGA-1,Red pulp
TAATCAGGAATGCTGC-1,Red pulp
GCGACCCAACCATCTG-1,Red pulp
TTACTAAAGGACTTTA-1,Red pulp
TTACAGACCTAAATGA-1,Red pulp
GACGGTCAATAGAAGC-1,Red pulp
CAATGGAATCTACATA-1,Red pulp
AGCCCGGCATTAGAGG-1,Red pulp
CAGGCGCACGGTGGTC-1,Red pulp
TTGTCGTTCAGTTACC-1,Red pulp
TCACGTGCCCGATTCA-1,Red pulp
TTCCTCTGCCCGAATA-1,Red pulp
CTAAATCCGGTGTACA-1,PALS
CTCCGCCCACATGAGG-1,Red pulp
CGGTGTACTTGATCCC-1,Red pulp
CAAGAAACCCTAAACT-1,Red pulp
CTCGTTTCTAATGTTT-1,Red pulp
TAGTCTAACAACGAGA-1,B follicle
AGACGGGATTGGTATA-1,Red pulp
GTTAGGCTACCCGTTT-1,Red pulp
CTAATTCTCAGATATT-1,Red pulp
AGCCCGGTAGCCTGTA-1,Red pulp
TCGCTCGGCACCAGCG-1,Red pulp
CATAGTAGCATAGTAG-1,Marginal zone
GCATAAATTGAACGCC-1,Red pulp
TCGCACCAGGAGGCAG-1,Red pulp
CACCATCGGAGGAGAC-1,Red pulp
ACCAGTGCCCGGTCAA-1,Red pulp
AGTCGACGGTCTCAAG-1,Red pulp
CAAACGTGGTCTTGCG-1,Red pulp
GGTCTCTGAATGGACT-1,Red pulp
ATAAATATTAGCAGCT-1,Red pulp
ACACTGATCAAGGTGT-1,B follicle
GTACGCTTCATTGCAC-1,B follicle
TAAATCTTTACACCTC-1,Red pulp
GTAGTTAGACAATATA-1,PALS
CACATATTAGCAGGAT-1,PALS
AGCAACCGAAAGTAAT-1,Red pulp
GTTCGCCATAAGTGCC-1,Red pulp
GTGGCGTGCACCAGAG-1,PALS
GTAACATCAGCTCATC-1,Red pulp
TTAACGAACAAGCAGT-1,Red pulp
TTGGGTTTATTCAGCG-1,Red pulp
GGTTCCACCCGCTTCT-1,B follicle
AATCTGGCTTTCTAGT-1,Red pulp
ATACCACGGGCAACTT-1,Red pulp
TAGATATGGACTGGAA-1,Red pulp
TATGCTCCCTACTTAC-1,B follicle
ACAAGCAGTGCCTAGC-1,Red pulp
TCGTAAGCTCCGAGGA-1,Red pulp
TCACAGGTTATTGGGC-1,Red pulp
TTGTGAGGCATGACGC-1,Red pulp
ATCTCCCTGCAATCTA-1,B follicle
GGGATTTACCGCACCT-1,Red pulp
CGATCTGTTGGAGGAC-1,B follicle
CTAGCATAGTATAATG-1,Red pulp
TACGCCGAGGGTACCC-1,B follicle
CTCGAGACATACGATA-1,Red pulp
CTTGCCCAGGCTCTAC-1,B follicle
GCTCCGGACGTTGATA-1,Red pulp
TGTCCCGACATAGCAC-1,Red pulp
TCGGAATGCGCTCTGA-1,Red pulp
TAATTGGAATCGGGAA-1,Red pulp
ATAGGCGGCTATAGAA-1,Red pulp
GTACTAAGATTTGGAG-1,PALS
CTGGAAATGGATGCTT-1,Marginal zone
ACCCTATGCCATATCG-1,Red pulp
CACAGCACCCACGGCA-1,PALS
TCGGGTGAAACTGCTA-1,Red pulp
GTCAATGCTATAATTT-1,Red pulp
ACATCGTATGCAATGG-1,Red pulp
CGCCTCCCTCCTCTAT-1,PALS
TAAGTAAATGTGCCGC-1,Red pulp
TCGGTCCCGACAATAG-1,Red pulp
CCCGGTGTATCGGAAT-1,Red pulp
AGTGATTCAAGCAGGA-1,Marginal zone
TGGCAGCAGTAATAGT-1,B follicle
TGCCATGGCTTATAAG-1,Red pulp
TGGTTGGAGGATCCTG-1,Marginal zone
AGTACATCATTTATCA-1,Red pulp
TCTTGGTAACACCAAA-1,Red pulp
TAGAAACCACTAAGTA-1,Red pulp
GGTTCCCTAGTGTCTC-1,Red pulp
TCTCGAACGAGGTCAC-1,Red pulp
GGTCGGTCGTCCACAG-1,Red pulp
GCCCGCGCGTTTGACA-1,B follicle
CCCAAGAATGCACGGT-1,B follicle
AGTGGTGTTACCCGTG-1,Red pulp
GTACTCCTGGGTATGC-1,Red pulp
AACCAAGACTTCTCTG-1,PALS
AGCCCTTCTAATCCGA-1,PALS
CTCGAGGTCGAACAGT-1,B follicle
CATAGCCGCCCGGGAT-1,Red pulp
CTTGTTTATGTAGCCA-1,Red pulp
TTGCCGGTGATCCCTC-1,B follicle
GTATAGGACTCAGTAG-1,B follicle
GGATCCGGAATATACT-1,Red pulp
TGCACAGTGAAGTTAT-1,PALS
CGTCGCTTGGTTATAC-1,Red pulp
CCGAACACTGGGCCTC-1,Red pulp
TCTCGTGTTACGAGGA-1,Red pulp
TGTTATTGTATGTGGC-1,Red pulp
AACAACTGGTAGTTGC-1,Red pulp
GCTTTGCTGCCGGGTA-1,Red pulp
GTGCAACAAATGTGGC-1,Red pulp
CGTGTCTCGTTACGAC-1,PALS
TATGGGACCGAGCAGG-1,B follicle
AAACTTGCAAACGTAT-1,Red pulp
CAGAGACGGTCACCCA-1,B follicle
AGCCGTGGCTAAATGT-1,Red pulp
GAAATATCACCATCAG-1,Red pulp
AACGGCCATCTCCGGT-1,Red pulp
TTGGAAGAATACAGTC-1,Red pulp
TACATCCCTATCCCTG-1,Red pulp
CGATGTTGTTATCTAC-1,Red pulp
GTAGTCGCGGGAATCA-1,Red pulp
CGCTGTGTGGATGTTG-1,Marginal zone
GAAATACCTGCTGGCT-1,Red pulp
GTGATCATAGATCTGC-1,PALS
GAGGGCCATAATATTA-1,Red pulp
ACGTTAATGTCGAAGA-1,Marginal zone
GGGAATGAGCCCTCAC-1,Red pulp
ATTAGGCGATGCTTTC-1,PALS
GAGGCCCGACTCCGCA-1,Red pulp
AAGTTCAGTCTGCGTA-1,B follicle
CCATTCCCTGCCCACA-1,PALS
TGCGAGATGGCGGCCA-1,Red pulp
GATAAATCGGTGGATG-1,Red pulp
TAGCAACCTGTCACAA-1,Red pulp
CTTCAGTGGTCGCCTA-1,Red pulp
ATGTGGACATCTTGAT-1,PALS
CGCGCATGTTTGATTG-1,PALS
CAACTGCTCATCCGAT-1,Red pulp
TCAACCATGTTCGGGC-1,Red pulp
GGTGCTGGTACACATT-1,Red pulp
CAGCGATTCCCTTCAA-1,B follicle
CTCACACGCAAGCCTA-1,Red pulp
TCCACTTTATCTAGGT-1,Red pulp
GTCAAAGAAGTGGTGT-1,Red pulp
ACGGCCAACATGGACT-1,PALS
TCTGCCAGAAACTGCA-1,Red pulp
GTCGGGAACATGGTAG-1,Red pulp
GAAGAAACGATATTGT-1,Red pulp
AACGCATGATCTGGGT-1,Red pulp
TCAAACTTAGATTGTT-1,Red pulp
CAGAGGCGATGCATGA-1,PALS
TCCCGTCAGTCCCGCA-1,B follicle
TCGTTAGGAGTCCCTA-1,Red pulp
AGGGTGCTCTCGAGGG-1,Red pulp
ATTTGCGCGAGTAGCT-1,PALS
ACCAACGCTTATTTAT-1,PALS
GTTTGGCGTCAGGCAC-1,Marginal zone
TGTTCTCTACTCCCTA-1,B follicle
GCTCCTGACATACTGG-1,B follicle
AGATCGTGCATAAGAT-1,Red pulp
GATGGTGCCCTAGGCA-1,B follicle
CTGGGATAAATAATGG-1,Red pulp
ACCCGGTTACACTTCC-1,Red pulp
GAGTGTGCGGTACCCA-1,Red pulp
ATTGACCGGCGATGAC-1,Red pulp
CAGTTCCGCGGGTCGA-1,Red pulp
ATATCTCCCTCGTTAA-1,PALS
GGATCATCCCGTACGC-1,PALS
ACGCAATCACTACAGC-1,Red pulp
GGTTCGATGCTGAGTT-1,Red pulp
ATACCGTCATCCATAA-1,Red pulp
TATAAATCCACAAGCT-1,B follicle
ACGTCTCGTTCCGGGA-1,Red pulp
GCTGAGGCGTGAGTAT-1,Red pulp
ACGGGAGTGTCGGCCC-1,Marginal zone
CTAAGTACAGGGCTAC-1,PALS
ACACAAATATTCCTAG-1,PALS
CTCATGGTAATTTGCG-1,PALS
TAAGCCCTTACGACCA-1,PALS
GACTGATTGGTCACAA-1,B follicle
AGAAGGTTGCCGAATT-1,Red pulp
CTACTATCATAGGTTT-1,PALS
GAAAGCAGTGCACTTT-1,Red pulp
TTAGAGTTTAGAAGGA-1,Red pulp
GGCAGCGGTAATCCTA-1,Red pulp
TCCCTGGCTCGCTGGA-1,Red pulp
CTTCTGGGCGTACCTA-1,Red pulp
ATCTGTAATTGTACCC-1,PALS
AAACCGGGTAGGTACC-1,Red pulp
CCGTATCTCGTCGTAG-1,Red pulp
AATGACGTAGGATGTC-1,Red pulp
AGGCTTCCCGAAGAAG-1,B follicle
GCCGCTTGTGAGAAAC-1,Red pulp
ACTTCGCCATACGCAC-1,Red pulp
CTCTACACTGGCGATT-1,Red pulp
AAAGGTAAGCTGTACC-1,B follicle
CAGGATATATCGTTGT-1,Red pulp
CCCGTCAGCGTCTGAC-1,Red pulp
TCGACAACTGAACCCG-1,Red pulp
ACCGGTCTGAGTACGG-1,Red pulp
CTCGCACCTATATAGT-1,Red pulp
ATTAGATTCCTCAGCA-1,Red pulp
GTTTCTGCAGTCTCCC-1,Red pulp
AACATCGATACGTCTA-1,Red pulp
GCTTTCAGAGGAGGTG-1,Red pulp
CACGTCGGCAACCTCT-1,B follicle
GTGGTGGCCAAGTGAA-1,Red pulp
GACTCGCGGGAATGAC-1,Red pulp
GGTCAGTGGGTCCCAC-1,PALS
GTGGTTTCCGCCTTTC-1,Marginal zone
TTGGTTGCGGTGCGCG-1,PALS
TCTTTAAGACTATGAA-1,Red pulp
GCTACGACTTATTGGG-1,B follicle
GGATCTTGACTCAACC-1,Red pulp
TAGTGCCCTCCAGAGT-1,Red pulp
CACCTAATCAGTTTAC-1,Red pulp
TGTACGCTATCAGCTT-1,Marginal zone
CATGGTCTAGATACCG-1,Red pulp
TCATACTTACAGATCC-1,Red pulp
CTGGCATCCGAATGAG-1,Red pulp
GCTGGACCCAAAGTGG-1,Red pulp
CCGATTGGTCAATGAA-1,B follicle
GAGTCCGCTTACCGGA-1,Red pulp
CGAGGCTAAATATGGC-1,B follicle
TAAGCAGGCGACACGC-1,Marginal zone
CGTTTCACTTCGGGCG-1,Red pulp
CCAGTCAAATCTCTTA-1,Red pulp
ATAAGGTGGAGAACAT-1,Red pulp
CGCTTTCTTGCATTCG-1,Red pulp
ATCTGGTTAAGACTGT-1,Red pulp
TTCGGACTGATGCCTT-1,Red pulp
TCCTCTACGAGATGGC-1,B follicle
GGTACAAACATGCTAT-1,PALS
AACGTCAGACTAGTGG-1,Red pulp
CTTCTTACGTCGTATA-1,Red pulp
CTGTCACGCCAGGCGC-1,B follicle
GTCGTATTGGCGTACA-1,Red pulp
TCTTACGGCATCCGAC-1,Red pulp
TGCTTAGAGAGAATGC-1,Red pulp
GTACACTTACCTGAAG-1,Red pulp
CGAGCACTTCAAGTTT-1,Red pulp
GTGCACGAAAGTGACT-1,Marginal zone
TCGTTGCTATCCGGTC-1,B follicle
GGCGCGTTCGAGTTTA-1,PALS
CTTTAGGAACACTGTT-1,Red pulp
CACAAGAAAGATATTA-1,Red pulp
ATCGGCAAGCAGTCCA-1,Red pulp
ACAAGGACAAGAGGTT-1,Red pulp
GTACTGAGGTCGTAAC-1,Red pulp
TGCGAGAATATTACCC-1,B follicle
AGGACATCGCACGTCG-1,Marginal zone
AAAGACATGAAGTTTA-1,Red pulp
GGTGGACCACGTGTTA-1,Red pulp
TGTATCAGACTGAAGC-1,PALS
GAGATCTGTCACTCCG-1,Red pulp
GGGCTGCCTAGGGCGA-1,Marginal zone
CACCCACACGTCACCC-1,Red pulp
ATTGTGACTTCGCTGC-1,B follicle
TTAGAAGAACATGACT-1,Red pulp
TGTGACTACGCCAGTC-1,Marginal zone
CGTGTCCCATTCGCGA-1,Red pulp
TCACAGCAAACTCGAA-1,Red pulp
GATCGCTATATCTCAG-1,Red pulp
CCTTCAGTTAAAGTGA-1,Red pulp
CGGCCCAACCTGTAGT-1,Red pulp
ATTTACAGTTTACTGG-1,B follicle
CGTAACGGAACGATCA-1,Red pulp
AGGCGGTTTGTCCCGC-1,Red pulp
AAGCTCGTGCCAAGTC-1,B follicle
AAGAGATGAATCGGTA-1,Red pulp
GTACAGAGGCAAGGGT-1,Red pulp
TTAGAATAAGGGTCGG-1,Red pulp
TCGGACGCCCAGCCCA-1,Red pulp
GTCACAAAGTTTCCAA-1,Red pulp
ACGCATAAATGACATG-1,Red pulp
TGGGTAAGGTTCCCGC-1,Red pulp
CGGCCACGCACAAAGT-1,Marginal zone
ATGGGAACGGAAGCGG-1,Red pulp
GCGCTGCTTTGCATTT-1,Red pulp
CAGTCTGTATACTGGG-1,Marginal zone
AGCTATTTAATCCAAC-1,B follicle
GCACAACCTCGGGCGT-1,Red pulp
GTGGACGTGCTGAGAC-1,Red pulp
GTGAGTGGTACAACGC-1,B follicle
GTCGGATGTAGCGCGC-1,B follicle
ACTAATACGTCAGGCG-1,Marginal zone
CCTCTGGCCTAGACGG-1,B follicle
TGTTGATCACTGTTTA-1,Marginal zone
AGAATAAATCTTCAGG-1,Red pulp
AACGATAATGCCGTAG-1,Red pulp
GCGCTAATTGAATAGA-1,PALS
AGATTCACAACCGATA-1,Red pulp
CCTAAATTAACGGTTC-1,PALS
GCTTCCGTCCCTAGAC-1,Red pulp
TAACATACAATGTGGG-1,Red pulp
CCCAGAGGAGGGCGTA-1,Red pulp
TGCGGTCTACGAGTAA-1,Red pulp
TAAATGAATCCGTTTC-1,Red pulp
CCGATCTCAACCTTAT-1,Red pulp
ACAATGATTCTTCTAC-1,Red pulp
GAGTAAGGCCACGGGA-1,PALS
GGATGACGCGAGTTTA-1,B follicle
ACTTACCGGGCGCGCA-1,Red pulp
GACGACGATCCGCGTT-1,Red pulp
GTCAGTTGTGCTCGTT-1,Red pulp
CGGCTTTGTATGATAA-1,Red pulp
TTATATACGCTGTCAC-1,B follicle
TCACGGTCATCGCACA-1,Red pulp
CCTGAATATTTACATA-1,Red pulp
GCCTCATCTGGAAATA-1,Red pulp
TTCCGCAGAGAAATAT-1,Marginal zone
GAATAGCCCTGCGGTC-1,PALS
CGGGTTCGGCACGTAT-1,Red pulp
GAGTATGCCCGCCTTG-1,B follicle
ACAATGAATACGGAGA-1,Red pulp
ACACCCGTAAATCTGT-1,Red pulp
CCGCATGTGGTACGAT-1,Red pulp
CGAAGTTGCTCTGTGT-1,Red pulp
TATTTATACCGAGTAG-1,B follicle
CACCATGATCGCAAAG-1,B follicle
TTGATTAGCTGTTTCT-1,Red pulp
CCATGCTCTGCAGGAA-1,B follicle
AAGAGGCATGGATCGC-1,PALS
CTCGGTCCGTAGCCTG-1,PALS
CACGGACGTGGATGGC-1,Red pulp
TTGGATCGACTTCTGG-1,Red pulp
AATGATGCGACTCCTG-1,Red pulp
AGAATTATGGATTCGA-1,Red pulp
GAGAGGTGCATTCTGG-1,Red pulp
ACCACAAGTTTCTATC-1,B follicle
GTGCCATCACACGGTG-1,Red pulp
GGAACCTTGACTCTGC-1,Red pulp
TCCTGGCGCTGCCTGG-1,B follicle
CGTTGAGCGACCGTCG-1,Red pulp
CCTCGCGCTGTGCGAT-1,Red pulp
GGGTCGTGGCAAGTGT-1,Red pulp
TGCATGGCAGTCTTGC-1,Red pulp
GAGGGCGCAGCTCTGC-1,Marginal zone
CGTCTGGAAGGGCCCG-1,Red pulp
TCGCTAAACCGCTATC-1,B follicle
AGCGCGGGTGCCAATG-1,Red pulp
ATCCAATGGAGGGTCC-1,Marginal zone
TGAGTGCCTCTTAAAT-1,Red pulp
ACCCTTCATCTGCGAA-1,PALS
CCGACAAAGGGAGTGC-1,Red pulp
ACAAGGCCTACCAGCC-1,Red pulp
ACTCTCTTATACACGA-1,Red pulp
ATACGGTGAAGATGCA-1,Red pulp
TCAACGAGGAGACAAA-1,Red pulp
GCGGTGAACTGCGCTC-1,Red pulp
TCCCGGGTGTGCTGCT-1,Red pulp
AAAGGGCAGCTTGAAT-1,Red pulp
GCGGGAACCAGGCCCT-1,Marginal zone
CGGGAATTTATGTAAA-1,Red pulp
GATATTTCCTACATGG-1,Red pulp
TTGACCATGTTCTCCG-1,PALS
GTGAAGATTTCAAGTG-1,Red pulp
GTCAAGCGGACTCGGG-1,Red pulp
TTCTAGGCCAATTGTG-1,Red pulp
CCTTTAAGGGAGCACT-1,Red pulp
ATAGTGAAGCGTTCTC-1,Red pulp
CCGATCTTAAGAGGCT-1,Red pulp
GAAACATAGGAAACAG-1,Red pulp
CAAATTGTCAGCAAGC-1,B follicle
CAGCTCGACAAGTTAA-1,Red pulp
CGCTTCCACTGAAATC-1,B follicle
GCTCTATGTTACGTGC-1,Marginal zone
TCTACCGTCCACAAGC-1,B follicle
GGAATGCGCTAGCGTG-1,Red pulp
GCATAGAGCACTCAGG-1,Red pulp
AGTAGGAAGGAAGTTG-1,Red pulp
TAGGGTGTTTCAAGAG-1,Red pulp
AACAGGAAATCGAATA-1,B follicle
AAATGGCATGTCTTGT-1,B follicle
CTTGACCCGAAAGATA-1,Red pulp
ACGAGGTTTACAACGT-1,Red pulp
TGCAGGATCGGCAAAG-1,B follicle
CAACTATATCGAATGC-1,Red pulp
CTTAGTAGGCCTACAG-1,Red pulp
CACGACGTAATAGTAA-1,Red pulp
GTGGACGCATTTGTCC-1,Red pulp
CACACTTGTATTGCGA-1,Red pulp
ACGTAGATTGCTGATG-1,Red pulp
AGTAATGTCTTGCCGC-1,Red pulp
CCAATTACGGGTCGAG-1,Red pulp
GAGTTGATGGCAATTT-1,Red pulp
GGGAACGGTTTCAGAT-1,Red pulp
GAATAGACGCGACCCA-1,Red pulp
ACGATCATCTTGTAAA-1,Red pulp
GTTATTAAATACGACC-1,Red pulp
ATCCAGAGCAACAACC-1,PALS
ATCGACCCAATACAGA-1,Red pulp
ATGCACTACCGCATTG-1,Red pulp
TGTCGTTATCACATAT-1,Red pulp
TCGGCGGTATTAGATT-1,Red pulp
CCTATACCGTCCTGTC-1,B follicle
TAGCTAGAAGGCATGA-1,Red pulp
ATGTTCGTCGACCCAC-1,Red pulp
TCAACATAGCGCCCTA-1,PALS
GAAGAACGGTGCAGGT-1,Red pulp
GCGGTCCCTAGACGCA-1,Red pulp
GGAAAGTGCCCATGCC-1,Marginal zone
CACGCACAGCGCAGCT-1,Red pulp
ACCGAAAGGGCCCTGC-1,Red pulp
CAATCCCTATACCAGC-1,PALS
TCGTATTACCCATTGC-1,Red pulp
GCTCAATCCGTTTATT-1,B follicle
GCAAGATGTGTTCGCG-1,B follicle
CTGGTAACACATAGAA-1,Red pulp
AAGGCGCGTAAAGCTT-1,Red pulp
CTCCGGCCTAATATGC-1,B follicle
CACAGAGACGAGGACG-1,Red pulp
TATCACCATGTAAAGT-1,Red pulp
GCGTCTCTGCATTGGG-1,Marginal zone
GGGCGTACATTTATAT-1,Red pulp
AGATGCATCCTGTGTC-1,Red pulp
CACCGTTAGGGATCAC-1,Red pulp
GCCATTAGCCTCAAAC-1,Red pulp
CGCATTAGCTAATAGG-1,PALS
CCTGTACTCACGCCCA-1,Red pulp
TAGGTTCGAGTTCGTC-1,Red pulp
ACAAGGGCAGGCTCTG-1,Red pulp
CTGGCGACATAAGTCC-1,Red pulp
CAAACTATTGAGCTTC-1,Red pulp
AGTGCTTGCACGAATA-1,Red pulp
ACGATGCATATGTTAT-1,B follicle
CACCCTTGGTGAGACC-1,Red pulp
ATGGAAATTTAAGGAG-1,Red pulp
CTGTATGGTGTAGAAA-1,Red pulp
CCTTTCAATGAAGAAA-1,B follicle
GGTACACCAGATTTAT-1,Red pulp
ACGATGGATCCGATGC-1,Red pulp
GAACGACCGAATGATA-1,Red pulp
CTGCTGAGGCCACGAA-1,B follicle
CTCGGTTGTCGGCCCT-1,Red pulp
CCCGCTAGAGGGTTAA-1,Red pulp
TTCGACAGAGCCCGTG-1,Red pulp
TTAGTTCAAGTGTTCG-1,Red pulp
GTATTAAGGCGTCTAA-1,Red pulp
TTGTGGTAGGAGGGAT-1,PALS
CTTACACGGTATTCCA-1,Marginal zone
AGACTAGCCTTCCAGA-1,PALS
ATGGAGCAGGCCGTGA-1,Red pulp
TGCGACGGCCGAACGT-1,Red pulp
ACTTGACTCCCTCTTT-1,B follicle
GTGGGAAGACTGAATC-1,Red pulp
ACGGCGACGATGGGAA-1,Red pulp
AAGACTGCAAGCTACT-1,Marginal zone
GCTACAGTACGGACCG-1,Red pulp
TAGCTCAGATCCTAGT-1,Red pulp
TTCGTTCAACGAAGTT-1,Red pulp
TTGTGTTTCCCGAAAG-1,Marginal zone
GACCAGAGCCCTGTAG-1,Red pulp
AGTCTCACAAGACTAC-1,PALS
CTCCGAGTAAATCCGC-1,Red pulp
TTGGATATCGTCTACG-1,PALS
GGATTCCGCTATACCC-1,Red pulp
GGGCAGACGTCACTGC-1,Red pulp
ACGCTAGTGATACACT-1,Red pulp
AGAGTTAGAGACCGAT-1,Red pulp
TCCTTTCTTACGCTTA-1,B follicle
ATAACGGAGTCCAACG-1,Red pulp
TAACAATATTTGTTGC-1,Red pulp
AGTGATATGAGTAGTT-1,B follicle
TATTTGTTACCCTTTA-1,Red pulp
ATAAAGGCTCGGTCGT-1,Red pulp
AAGTGAGTCGGGTTTA-1,Red pulp
TGTAATGACCACAATA-1,Red pulp
CTCTGCGAAGCAAGCA-1,Red pulp
CCGGCGCATATTGGAT-1,Marginal zone
ACTAAGGACGCACACC-1,Red pulp
TCCTCTCCAGTTGTCC-1,Red pulp
AAATTTACCGAAATCC-1,Marginal zone
TGCATATGTCTGTCAC-1,Red pulp
TGTGATTCCAGCGCTT-1,Marginal zone
TGGCATGAAGTTTGGG-1,Red pulp
TACCGGTCGTTTCCAT-1,Red pulp
ACCCACCTACATGCTC-1,Red pulp
CTGGGCCTGCTATATC-1,Red pulp
TTCCATCATGCGGTGA-1,Marginal zone
AGTACGGGCACCTGGC-1,Red pulp
CCTATCTATATCGGAA-1,Red pulp
ACATCGATCGTTTACC-1,Red pulp
TGAAACTTATGCAAGC-1,Red pulp
TACCGTAGGTTAACTA-1,Red pulp
ACGTTTAGTTGTGATC-1,B follicle
AAGACTCACGCCCACT-1,Red pulp
CTACTGCCACCTGACC-1,B follicle
CATTACGTCGGCCCGT-1,PALS
TAGCTCGCCTGATAAC-1,B follicle
CTATAAGAGCCAATCG-1,Red pulp
TCAAAGAGCTATCTGT-1,Red pulp
TTCTGCCGCGCCTAGA-1,PALS
AACACGAGACGCGGCC-1,Red pulp
ACGTACAGATTTCTCT-1,Red pulp
CATTCACTGACAGCTA-1,Red pulp
GTACGTTTGCCCGTCA-1,Red pulp
TCAGGGTGTAACGTAA-1,B follicle
CAGAGCATGAGCTTGC-1,B follicle
CACCACGCCACACAGA-1,Red pulp
AGGGTTTAGTTCGGGA-1,Red pulp
AGGTTGAGGCACGCTT-1,B follicle
TCCGTTTAGCCTTGAA-1,Red pulp
CGACTCAGGATGTTAT-1,Red pulp
TCAACAAAGATAATTC-1,Red pulp
AGGGCGAGCAGCTGAT-1,Marginal zone
TCGCCGCACCGCGTGA-1,Red pulp
ACACCCAGCATGCAGC-1,Red pulp
TCACGCATTGTAGATC-1,Red pulp
AGAGCGCTTGTAACGG-1,Red pulp
AATTGAACGCTCTGGT-1,Red pulp
CTTCTATTAATGCTAG-1,Red pulp
TGTAATGCCTTCGGAC-1,Red pulp
CGCTCTCCGTAGATTA-1,PALS
ATCTGACATGGAAGGA-1,Red pulp
CTGGTTTCGAGCAAGA-1,Red pulp
TTCAAAGTCTCTAGCC-1,B follicle
CTTTGGCTTTAGTAAA-1,Marginal zone
GAAATATGCTTGAATG-1,Red pulp
CGGAAAGAATCAAACG-1,Red pulp
GGTACCATTAAGACGG-1,Red pulp
ATCCTACCTAAGCTCT-1,Red pulp
CCGCCTGCGAATTGGT-1,Red pulp
CTCCTTTACGCAAGTC-1,Red pulp
CGTTCTTCGCACACCT-1,Red pulp
GATTACTGAATTTGGG-1,PALS
ACAATCCATTTAAACC-1,B follicle
TGGCAACTCGCGCGCC-1,Red pulp
AACTCCTAATCCCATG-1,Red pulp
AGCACTACCGGCCTGT-1,Red pulp
TGTGTTCGTATCCAAG-1,Red pulp
CCTAAAGGCTGACGCT-1,Red pulp
CACTCCTCTCGGTCGG-1,Red pulp
TGCAGAACTATATCGT-1,B follicle
CTAACCGCGCGCCCGT-1,B follicle
GGTGCTGATCACAAAG-1,PALS
GCAGATTAGGGATATC-1,Red pulp
ATCTAATATCCTACGG-1,Red pulp
CCCGACCATAGTCCGC-1,Red pulp
GTTAATGTCTATCTTA-1,Red pulp
CGCGCCCGACTTAATA-1,B follicle
GTCCTTCTAGTGGGTT-1,B follicle
GATACGATGGGAGTCA-1,Red pulp
TTGACGATTCAGCACG-1,Red pulp
TCCCGTGTGCAATTTG-1,Red pulp
CCGCGGGTACGAAGAA-1,Red pulp
TCAACATCGACCGAGA-1,Red pulp
GCCCGCGCGTAAACGG-1,B follicle
TCTGTGCCATCATAGT-1,Red pulp
TGAGTGGTCCGTGACG-1,B follicle
AACAATACATTGTCGA-1,PALS
CTTGTTGCTGAGTCAA-1,Red pulp
AGTCGGCCCAAACGAC-1,Red pulp
AGAAGGTACACTTCAC-1,Red pulp
GAAAGCCCTTTGGACC-1,Marginal zone
TACAAATTGCGGAGGT-1,Red pulp
ACAGTATACCGTGGGA-1,Red pulp
CTTTCTGTGCGGGCTT-1,Red pulp
CCATGGCCCTTGTACC-1,Red pulp
GTCGCCGTTGTGTGTT-1,PALS
ACGATACATAGAACTA-1,PALS
ATATTCCCACAGGTCA-1,Red pulp
TCGCGTCCAGAAGGTC-1,Red pulp
AGCATCGTCGATAATT-1,Red pulp
CAAGGATCGCATGTTC-1,Red pulp
ATAGACGAAGAGAAAG-1,Red pulp
TAACAGCGTTTGTGCT-1,Red pulp
TTGATAGTCAATACAT-1,Red pulp
GGACGTCCATAGTTGG-1,Marginal zone
CAAACTACGATAGAGA-1,B follicle
GTAAGGATTTGTCGGA-1,Red pulp
GGCATATCGGTTCTGC-1,Red pulp
TAGTCTGTGACGTTGC-1,Red pulp
TAACTATCGAAGGTCC-1,PALS
CGCTTTCATACCGGTG-1,Red pulp
GGTTACCACCCTCGGG-1,Red pulp
TACACCGTCGTTAGTC-1,Red pulp
GTTCAATCTATGTCAA-1,Red pulp
TACGCCATATTCTAAT-1,Marginal zone
GACTGGGCGCCGCAAC-1,B follicle
GAGGCATTTGCAGCAG-1,Red pulp
GTGAAACGGCGCCACC-1,Red pulp
TCCCAGGCTTAGCTAA-1,Marginal zone
AATGTGCCCGAGGTGT-1,Red pulp
CGAGAGATGTGAACCT-1,Red pulp
GGGAGTTAATGAGGCG-1,Marginal zone
CCTTCTCAGCGTTCCT-1,Red pulp
TCGGTGACCGCTCCGG-1,Red pulp
TGTATTTACCTAATGC-1,B follicle
AAATTACACGACTCTG-1,Red pulp
GTCGTGTCTGGTCATC-1,Red pulp
ATCAGACGGCACGCCG-1,Red pulp
ATTCCTCCGCCAGTGC-1,PALS
ATCCAATGGTACCGAA-1,Red pulp
GAAATTCACATCGCTG-1,Red pulp
ACATAATAAGGCGGTG-1,Red pulp
AACGATAGAAGGGCCG-1,Red pulp
TGATTTATTAGCTGTG-1,B follicle
CAAACGGTCGCACTTT-1,B follicle
CCAATAGTGCCGTCGA-1,Red pulp
GGCTGAAATAGCAAAG-1,Red pulp
TGGCGATCAAGTTATG-1,Marginal zone
AGAGTGAACAGACACC-1,Red pulp
CTTAACTTCGAAGTAC-1,Red pulp
TGATTTCCTCCTGACG-1,Red pulp
CAACTCCGTAACTTGC-1,Red pulp
ACTATGTCCAGCTGCC-1,Red pulp
TGTCATTTGTTGGGAA-1,Red pulp
GCAGGAACTTAGATCT-1,Red pulp
CGCTATCGTGGCTTTA-1,Red pulp
GGATTTCACTTCTATA-1,Red pulp
AGATGAGGGTTGCGAT-1,Red pulp
TCGCTCGATATATTCC-1,Red pulp
CGATCATTAGAGGCAC-1,Red pulp
AAATTACCTATCGATG-1,Marginal zone
AACCTTTAAATACGGT-1,Red pulp
CCGCCGGAACTTCTCG-1,Red pulp
GGTTTAATTACCATCG-1,Red pulp
GTCTTAGTACAGCCGG-1,Red pulp
CTCGCATTGCATAGCC-1,Red pulp
GGCAAAGGCGCCAATA-1,B follicle
TATTCCTCCGCCCACT-1,Red pulp
ATTGGGAATATCTTGG-1,Red pulp
AAAGTCACTGATGTAA-1,Red pulp
GATCCTCGACACTGGC-1,Red pulp
CTACTCAAGGTATAGT-1,Red pulp
CCGATTCGAGGGACCC-1,Red pulp
ACAATTTGAGCAGTGG-1,B follicle
GCTGCACGGTTTCTTA-1,PALS
GATCGGATAGAACCAT-1,Red pulp
GTTTGGCCCAAGTTAT-1,Red pulp
TATAAGTGAGGATAGC-1,B follicle
ACATTAGTTTATATCC-1,Red pulp
TGATGCTCACGTAGTC-1,Red pulp
ACGGCACTTGCTTGGG-1,Red pulp
AAATACCTATAAGCAT-1,B follicle
AATCTAGGTTTACTTG-1,Red pulp
TACGCCTCCATTCCGA-1,Red pulp
CGTCGGATAGTGTTGA-1,Red pulp
ATTCCTAAGACGTGGA-1,Red pulp
GAAATTAGCACGGATA-1,Red pulp
CCCGCAGCGCGAACTA-1,PALS
GACAGGCACACACTAT-1,Red pulp
CTCTTGTCCCGCTTGG-1,Red pulp
AGCACTTAAGGACGCC-1,B follicle
TGGCGACTGCTCCAAA-1,B follicle
CGATTAAATATCTCCT-1,Red pulp
AAGAGCTCTTTATCGG-1,B follicle
TCAAACAATTAGGACA-1,Red pulp
CGGTAGAGGTGCAGGT-1,Red pulp
GGATTCAGTACGGTGG-1,Red pulp
CTCAAACCACTGCCCG-1,Red pulp
AATACAATGTTTCAGG-1,Red pulp
TGCGCAAAGCATTTGG-1,Red pulp
TATAGGGTACTCATGA-1,PALS
GCGTGGTACTGGGTTA-1,Red pulp
GCCGGGTTAGGGTCGC-1,Red pulp
CCAGATGTAAATGGGT-1,Red pulp
TAGAAATTCACGTATA-1,Red pulp
CGCATCATGGCTTCAG-1,B follicle
AGACTGTTACCGGGTC-1,Red pulp
CCTCGCGCGATATAGG-1,Red pulp
ACGTGCGCCTCGTGCA-1,Red pulp
TACGTACTAGTGCTGA-1,Red pulp
CATACGGCGTCTGGGC-1,B follicle
CGTTAGCTCACAACTG-1,Red pulp
GTCGTCAATTATAAGG-1,Red pulp
GATGCCTTCTGCGGCA-1,Red pulp
ACTGATTTAGTGATTC-1,Red pulp
TTGAGAGTACTGCTAA-1,Red pulp
AGCGGTTGCCGCTCTG-1,Red pulp
CGTTTAAGCGGAGCAC-1,Red pulp
TCCACCTCTAGCCTTT-1,Red pulp
TGGTCCCACGCTACGG-1,Red pulp
AAGTAGTGACGCGAGG-1,Red pulp
GGGAGAACTCACAGTA-1,Red pulp
AAACAGGGTCTATATT-1,Red pulp
AGAGCAGTTATGAGAC-1,Red pulp
CTGATAGTGTATCTCA-1,Red pulp
CATAAGCTCTCCGTCT-1,Red pulp
AATAAGTCCTCGAGAC-1,Red pulp
GCGGTTCCCTATCATG-1,B follicle
CCTCTATCGATTAGCA-1,Red pulp
ACTGTCCAGGATTATA-1,Red pulp
CCCTGGTATGGGCGGC-1,Red pulp
TTCACGAAAGGATCAC-1,B follicle
AATGCACCAAGCAATG-1,Red pulp
TAACTCCATGGAGGCT-1,Red pulp
ACTGGCGAACCTGCGT-1,Marginal zone
TTGTAATCCGTACTCG-1,B follicle
GGCGCAGGACATCTTC-1,Red pulp
ATCGACTCTTTCCGTT-1,Marginal zone
CAAATTGGATTATGCC-1,Red pulp
ACAAATGGTAGTGTTT-1,Red pulp
GGCTATTAAGTTGTAT-1,PALS
TCGCCGGTCGATCCGT-1,Red pulp
GAATGTTGGGTAATCT-1,Red pulp
CAACTGAGGGTATGAC-1,Red pulp
GTACTGGAGTTAGACC-1,Red pulp
CGTACCTGATAGGCCT-1,B follicle
AGCAACATATCTTATT-1,Red pulp
GCTAGCAGGGAGTGGG-1,Red pulp
TATCTAGCCTAAAGGA-1,Red pulp
ATGGATCCGGCGTCCG-1,Red pulp
CGTGCATTGTCGACGC-1,PALS
GCTCATTACTGCATGT-1,Red pulp
CAATACGCTCTGAGGC-1,Red pulp
ATTAAACATGCGGACC-1,Red pulp
GACACGAGTTAGAGGA-1,Red pulp
GGCTCGTGCCACCAGC-1,B follicle
CGCCCTTGAAGGCTGA-1,Red pulp
AGCTCTTCCCAGTGCA-1,B follicle
ACCACAACTCAGAACA-1,B follicle
ACCAACACCACACACT-1,Red pulp
CACTCAAGAGCTATGG-1,B follicle
TACATTTCTAACGTGC-1,B follicle
CTGGTAACGAGCTCTT-1,Red pulp
TACGTGCACTATGCTG-1,Red pulp
TAAGAGGGACAGGGAC-1,Red pulp
GCTCTCGGGTACCGAA-1,B follicle
ACTACCAGCTCTCTGG-1,Red pulp
ATGCACGCGCTGTTCA-1,Red pulp
TAAGGGCTGGGAGAGG-1,Marginal zone
TACCTTAAGATTTCCC-1,PALS
CCACAATGTACGTCTT-1,B follicle
CAACGACCCGTTTACA-1,B follicle
CATCTTACACCACCTC-1,Red pulp
TTGTCACCGCGGTATC-1,Red pulp
CACCGATACACCGAGC-1,B follicle
GCAGCACACAGCCCAG-1,B follicle
GCGCATCCAGTCAGCA-1,Red pulp
GAGCTCTCGGACCTAA-1,Red pulp
GCTGTCTGTGATCGAC-1,Red pulp
TGACCCAGCATTCCCG-1,Red pulp
CTAAGGGAATGATTGG-1,Red pulp
GCCAAGAATACTTCTG-1,Red pulp
AGGACAGTCGAATCCC-1,Red pulp
CCTAGGCGTAGCGATC-1,Red pulp
CCATTAGCGATAATCC-1,Red pulp
GTGCCGCTTCAAAGGT-1,Red pulp
TCATCCCAGAGGGTGG-1,B follicle
AACGCGGTCTCCAGCC-1,Red pulp
ACCAGCCCGGTCTTTG-1,Red pulp
TAGCTGATGTGAAGCG-1,Red pulp
TCAGGGTGCACGAAAC-1,Red pulp
ACGCGCTACACAGGGT-1,B follicle
TTGTTGTGTGTCAAGA-1,Red pulp
CGAGAGCGCGTAGATA-1,Red pulp
GCATGAGGGACGCGGC-1,Red pulp
TTCGGCAACCCGCTGA-1,Red pulp
CTCAGATTGTGATAAG-1,Red pulp
CTGGCTGGTTGTCAGT-1,Marginal zone
CTTAGCCTTCCACATG-1,B follicle
CAAAGATTATTGGGCC-1,Red pulp
GGTTTGAGTGCTGGAA-1,Red pulp
GGCGGAGTAATATTAG-1,Red pulp
TAGGCATGTTACGCCA-1,Red pulp
CCTAGTTAGTCGCATG-1,B follicle
AGGCTTGCTAGACACC-1,Red pulp
TGGAAGGATAAAGATG-1,B follicle
TCGGTCCCTGACTCCA-1,B follicle
AAGTGCGTTAGAATCT-1,B follicle
CTGCCTAGCCACCAAG-1,B follicle
GGCCCTCACCCACTTA-1,Marginal zone
GGGAGGATGCCCGAAA-1,Red pulp
AGGACGCTCGATGTTG-1,Red pulp
GAATTATGCAACCTAC-1,Red pulp
GTGCCTCAGTGTACGG-1,Red pulp
ACGCAAACTAATAGAT-1,Red pulp
TACTCTCCGAACAAAT-1,Red pulp
TGATTCAGGTCCCGCG-1,Red pulp
ATCTTGACTTGTCCAA-1,Red pulp
ATGACGCGTTCTATCC-1,Red pulp
CGCTTATTCCCGGTCG-1,Marginal zone
GAAGGCTACCATTGTT-1,Red pulp
AACTAGGCTTGGGTGT-1,Red pulp
ACACGGCACTATGCAT-1,Red pulp
TTCGCGCGCCATACGA-1,Red pulp
CCTGAACGATATATTC-1,Red pulp
TCACCCTCTTAAGATT-1,Red pulp
ACACCTTAAGTAGGGC-1,Red pulp
TGTCCGTGGCGCCTTT-1,Red pulp
TCTGAATTCCGTACAA-1,Red pulp
CATGGCAGGAAGATCG-1,B follicle
CCGGAATGGTTTCAGT-1,PALS
ACCTGCGTGTCATGTT-1,B follicle
ATTATGCCATAGGGAG-1,B follicle
GCCAGGAGTAACCGAT-1,Red pulp
TGGTTAAGGGCGCTGG-1,Red pulp
GAAATGGCGGTGTTAG-1,Marginal zone
GATATGAGACACTAAC-1,Marginal zone
GAGGTACATCCATCTT-1,B follicle
ATGATGCAATGGTACA-1,Red pulp
GGAGACCATCTACATA-1,Red pulp
CAAATCTCTCACAAGG-1,B follicle
ATCAATGCCGTGGCTG-1,Red pulp
GCCAGGCGTTCGCATG-1,B follicle
GCGGAGAGGGAGAACG-1,Red pulp
GGATGCTGGCGTTCCT-1,Red pulp
GAATCGACATGGTCAC-1,Red pulp
TCGTATCACCAAGCTA-1,B follicle
GGTTTGCGAACACGTA-1,B follicle
ACACGAGACTCCTTCT-1,Red pulp
ATGGATTGACCAAACG-1,B follicle
CAGACCTGTAAGTGTT-1,Red pulp
GGTTAGGCTTGGAGAA-1,Marginal zone
CCTGTAAGACATGATA-1,Red pulp
TATCTTGCAATACAAC-1,Red pulp
TTAACGTCGCAAGACC-1,Red pulp
GGGTATGTATGCACTT-1,Marginal zone
CTGTAGCCATCTCACT-1,Red pulp
CTCGGGTTCTCTGGCC-1,Red pulp
ATGGTTACGAAACATG-1,B follicle
CACCTCTACGAGTGTG-1,Red pulp
CCTCCCGACAATCCCT-1,Red pulp
TCAACTAACGTATAAC-1,Red pulp
AGTTTATGTAAAGACA-1,Red pulp
ATGTTTGTAAGATCAT-1,Red pulp
AGCGGTTGAGATGTAC-1,Red pulp
TAGAGCTACGAAGAAC-1,Red pulp
GATCATTCCAAACATT-1,B follicle
AGCATCATTTCGAAAG-1,Red pulp
CACTCAGCTCTTGAGG-1,B follicle
ACTTTACCCTCATGAA-1,Red pulp
TCAGTACTGACCCGCG-1,B follicle
AGCGGGAAGGGTCCAT-1,Red pulp
CTACTCTAGGCCCGGC-1,Red pulp
CCATAACCTGTGCAGT-1,Red pulp
TTGTTTCCATACAACT-1,Red pulp
GAATGTATGGCAGGTC-1,Red pulp
CTGTTCATCTCACGGG-1,Red pulp
TTACCCATTGCCGGGT-1,Red pulp
CTCTGTTTGAGGATTC-1,B follicle
GTAGACGTCGTTACAT-1,Red pulp
CGTGCTTCTACCTAAA-1,Red pulp
GCGGACCGCGTTGTGG-1,B follicle
TTAAGACGAACGAACC-1,Marginal zone
CGCCATCCGATTATGA-1,PALS
GCTGGTTTAGGCCATA-1,Red pulp
CGATACCTCGCGGACA-1,Red pulp
GCTTAATGTAACTAAC-1,Red pulp
GGCGGTAGGATCATTG-1,Red pulp
CTTTGGGATTGTTGCA-1,Red pulp
CTCCTCCAGCTCACAC-1,Red pulp
TGTAGGAGAAATTTCC-1,B follicle
ACAACAGCATGAGCTA-1,Red pulp
CTGCGGTAGTCACGTG-1,Red pulp
GATGACGATGATCGCG-1,Red pulp
GCTGTTGCTACCGAAC-1,Red pulp
TACTGCAATCAATTAC-1,Red pulp
GAACATTAGTATGTTA-1,B follicle
CTACGAACTAGGTCGA-1,Red pulp
AGCTCTTTACTCAGTT-1,Red pulp
AATGACTGTCAGCCGG-1,Red pulp
GTGGAGTCGGCGGTTG-1,Red pulp
ACTTATACTTACCCGG-1,Red pulp
GAGAGGGCGCGAGGTT-1,Red pulp
GTGGCGGTCCCAGCGT-1,Red pulp
GCAAATATTACGCTTT-1,Red pulp
CCGCGATTTGGTAGGT-1,Red pulp
GCCATATTGCACACAG-1,Red pulp
TAGCCATTTCAAAGTC-1,Red pulp
GTTTGGTAGGGTCAAC-1,Marginal zone
CATATACTACTGATAA-1,Marginal zone
AGGTAGATCGAGATAT-1,Red pulp
CGGGCAGCTAAACCGC-1,PALS
GGTCGGATAAACGGCG-1,B follicle
CGCGTTCATGAAATAC-1,PALS
AGCTTGATCTTAACTT-1,Marginal zone
GCCCGTAATACCTTCT-1,Red pulp
CCCGTAAGTCTAGGCC-1,Red pulp
GCTCTAAACCCTGACG-1,B follicle
GCGAGTTCTGCAAAGA-1,Red pulp
GTAAGCGGGCAGTCAG-1,Marginal zone
CACGAAAGTTAGTCCC-1,Red pulp
ATTCTGAGTATGAACT-1,Red pulp
CGAACGGCCGGACAAC-1,Marginal zone
AAGGGACTATGCATTC-1,Red pulp
GACTGCGGCACGTGTA-1,Red pulp
TATCACCCAACCGACC-1,Red pulp
GATCTAACCGTATTCA-1,Red pulp
TGTTTCGGTACTTCTC-1,Marginal zone
ATTTCATTATTTCGCG-1,Red pulp
ATATGTGCACAAACCA-1,PALS
TATTTAGTCTAGATCG-1,Marginal zone
CCTCGTTACGCCTGTT-1,Red pulp
AGACCATGGGATACAA-1,Red pulp
TCCCTAGATCAATAGG-1,Red pulp
TAGAAAGGTGGCGCTA-1,Red pulp
CAGCCTCTCCTCAAGA-1,Red pulp
TGAGCGGAAAGTGTTC-1,Red pulp
GTAAGTAACAGTCTGG-1,PALS
GATCTTAGTGAACGTG-1,Red pulp
ACCCGGATGACGCATC-1,Red pulp
GATTCCGCGTTTCCGT-1,B follicle
CTCATGGCTCACAATC-1,Red pulp
GAAGTGATTTATCGTG-1,PALS
TGGAAGAAGGGAACGT-1,B follicle
CGTCAAATGGTCGCAG-1,Red pulp
CGTTGTAAGATTGATT-1,Red pulp
AAACAGCTTTCAGAAG-1,Red pulp
CGAATGAAGTCATTGC-1,Red pulp
TAGATCCGAAGTCGCA-1,Red pulp
GGTTTACAATCTCAAT-1,Red pulp
CGGCTCTTCGTCGAAC-1,B follicle
TGAGTAAATTAGCGTA-1,Red pulp
ACTACATCCCGACAAG-1,Red pulp
TGAGACGTACCTCTCA-1,Red pulp
AGCGACATCCCATTCA-1,Red pulp
TCCTCCTAAGACATTC-1,B follicle
TTGTAAGGCCAGTTGG-1,Red pulp
GGATTAAGCTAAGGTC-1,Red pulp
ACGTGACAAAGTAAGT-1,Red pulp
TCAGATGGAGACGTAG-1,Red pulp
CGTTGAGTAATTGCGT-1,B follicle
CTGGGTTGAGTTAAAG-1,Red pulp
AAGGGACAGATTCTGT-1,Red pulp
TCTACACGTTCATGCA-1,B follicle
AGATGCAAGACGTGCA-1,Red pulp
TTACCCTAACAGTCCT-1,Red pulp
ATCATCTGCCCAGTGT-1,Marginal zone
GTCATGGACATGACTA-1,B follicle
CAGTACATTCTCTAAA-1,Marginal zone
GATCTTTGCTCAAAGA-1,Red pulp
GGAAGATAAGACTGTA-1,Red pulp
TCGAATATCCCGCAGG-1,Red pulp
GTCTCCTGCCAGTATG-1,Red pulp
ATGCGACAATTGGTCC-1,B follicle
AACCTTTACGACGTCT-1,Red pulp
TAGCTAAGTCCGGGAG-1,B follicle
ATCCAGGATTCGTGAA-1,Red pulp
GTAGCTAGTAAGCGCG-1,Red pulp
CTCGGTACCACTGCTC-1,Marginal zone
GATTCCTATACGGCGC-1,Red pulp
TCCAACTTTAAATTCT-1,Marginal zone
CCAATCGGTAGATCGA-1,Marginal zone
GCACAAGTGTCGGAAG-1,Red pulp
GGGACAGAGTTACTCC-1,Red pulp
TTGCAGGTCATGAAGT-1,Red pulp
GATGGTGAAATAACCC-1,Red pulp
GCAAATGAGGACACTT-1,Red pulp
CAGATCCTGGTTTGAA-1,Red pulp
ATTCTCGTCTCTTTAG-1,Red pulp
CCCAACCACACTAACA-1,Red pulp
CATTATGCTTGTTGTG-1,Red pulp
GCTAGTTTCATTGAGG-1,Red pulp
AGGATCACGCGATCTG-1,Marginal zone
ATTCAGATGAATCCCT-1,B follicle
GATGCTACAAGCGCCT-1,B follicle
CAGTCGAGGATGCAAT-1,Red pulp
CGGCAGGGTCGGGTTG-1,Marginal zone
TACTCCTCTAGTTGAC-1,Red pulp
TTCTACCTTTATGTTG-1,Marginal zone
AAACGCCCGAGATCGG-1,Red pulp
ATTATACTTTGCTCGT-1,Red pulp
CCTCACCAATCTTGAC-1,B follicle
GTCGTACCATCTCGGG-1,Red pulp
TAGTAGCTTATACCAG-1,Red pulp
GCCGATTGGCCAAGCT-1,Red pulp
CCGTGGAACGATCCAA-1,Red pulp
CGATGGACCCTACGCC-1,Red pulp
CATGGGTCGGGTGTGG-1,Red pulp
GGCCGAGACTCTGGTG-1,Red pulp
ATCGTGGAAAGTCTGG-1,Red pulp
TCTCTAATAGCTGGTA-1,B follicle
CGTCGGGTCTAAGCGC-1,Red pulp
AGGGTTCCCTTTGGTT-1,Red pulp
CGACGCATCCGTACCT-1,Red pulp
CCGCCGGTCAACACAC-1,Red pulp
GGACGGCTTGCGCAAC-1,Red pulp
CAGCTTAGTAGGTAGC-1,Red pulp
TTCTGCGAGCGCCCTT-1,PALS
GTATCTCAGTCTTGAC-1,Red pulp
AACCCATCCCATGATC-1,Red pulp
ATTGATGAGTCCTAAC-1,Red pulp
TGCCAAAGTCAGACTT-1,B follicle
GATCGCGGGCTCTCCA-1,Red pulp
TGGTGATCGTATTTGT-1,Red pulp
CCACCAACTTTACTGT-1,PALS
GTCTGGGCGGTCGAGA-1,Red pulp
GTCATTAGAGCGAACG-1,Red pulp
GGGACTGCATAGATAG-1,Red pulp
CCGAACCTTCCCGGCC-1,Red pulp
CTGGACGCAGTCCGGC-1,Red pulp
ATATCAATTCCAGCCT-1,Red pulp
CCGACGGGCATGAGGT-1,B follicle
GGAGTGCCGCCCTGGA-1,B follicle
GCAGGACTATAGAATA-1,Marginal zone
AATTTGGGACATAGTA-1,Red pulp
ACTTTGGTCGTGCTCC-1,Red pulp
TTGTAAGGACCTAAGT-1,Red pulp
TCAGCAAATGCATCTC-1,Red pulp
CATTGCGAAATGGGCG-1,Red pulp
TCTGGGTAGCGCTCAT-1,B follicle
AGTGGCTCCGTCGGCC-1,Red pulp
CCGTGTTAAATTCCAT-1,B follicle
CCCTGACTAACAAATT-1,Red pulp
CCCTGCCCAATCCGCT-1,Marginal zone
GACGCTTGCTTCTAAA-1,B follicle
TTCTGCGGGTTAGCGG-1,Red pulp
AGTCTAAAGTATACTC-1,Red pulp
TTGCCGCAGACCTACA-1,Red pulp
TGCAGTGAGGCTCGGG-1,Red pulp
TAAACCCAGGAGGGCA-1,B follicle
AATCTGCGTTGGGACG-1,Marginal zone
GGTTTAATTGAGCAGG-1,Red pulp
TGTCCTAAGTCACCGC-1,Red pulp
CAGCCTCCTGCAGAGG-1,B follicle
ATACCAGGCTAATAGA-1,Red pulp
ACGGAGCGCAAATTAC-1,B follicle
CTTTAACTTTCAAAGG-1,Red pulp
AGCGCTTATGGGCAAG-1,Red pulp
CGAACATAGTCAGAAA-1,Red pulp
TGCAGCTACGTACTTC-1,Red pulp
GCCCGACTTCTTCCCG-1,Red pulp
AATGTGCTAATCTGAG-1,Red pulp
GAAACCTATACAAATG-1,Red pulp
TGAGGCATGTACTGTG-1,Red pulp
CCGACTCGCATAGTCT-1,Red pulp
GTAGTTCGAAGGCGAA-1,Red pulp
CCGCTTGCTGACATGG-1,Red pulp
CATTGATGAACACGCC-1,Red pulp
TGCCATTACTAAAGAA-1,Red pulp
GAATCTGAACATTCTC-1,Red pulp
ATATCTTAGGGCCTTC-1,Red pulp
GCTCGGAATTTAAAGC-1,Red pulp
TGAGATTAGGCCCTAA-1,Red pulp
AATCTCTACTGTGGTT-1,Red pulp
TTGTGTATGCCACCAA-1,Red pulp
GGAGGCGAAGAACCGC-1,PALS
TTCGAGCCGGCGCTAC-1,Red pulp
GTTCTTCCCTCGATGT-1,Red pulp
GACATCGATTTATAAC-1,Red pulp
GCAAACCCTACATTAT-1,Red pulp
GCGTCCCTAAGACATA-1,Red pulp
ACGCGAAGTCAGACGA-1,Red pulp
TGGCCAAACTGAAGTA-1,Red pulp
TCGGAGTACATGAGTA-1,Red pulp
ATTGATCACCACATTT-1,Red pulp
GTTCGTCTGGGTCCCT-1,Red pulp
TAACTATTACGCCAAA-1,Red pulp
CGAGTTCTGTCCCACC-1,Red pulp
AGTTTCGCAGGTCGGA-1,Red pulp
TGCCGGATGTACGAGC-1,Marginal zone
GAACGTCTCATGGTCG-1,Red pulp
TCTGCGAATCGTTCGC-1,Red pulp
ATCTGCACCTCTGCGA-1,Red pulp
GTGGCAAACAGCGGCA-1,Red pulp
GAGACCCTGCAACGCC-1,PALS
CGACACCGCTTAAGGA-1,Red pulp
ATGATCGGGAATAGAC-1,PALS
AGACCAAACCACACCT-1,Red pulp
TAAAGCTGCAATAGGG-1,Red pulp
GGCTCTGCTCCAACGC-1,Marginal zone
CTATTGTGTTTGGTCA-1,Marginal zone
CTGACTGCGCAGCTCG-1,Red pulp
GTGGTTACTTCTTTCG-1,Red pulp
AACCGTTGTGTTTGCT-1,Red pulp
GATGTCGGTCAACTGC-1,PALS
TTGCTGAAGGAACCAC-1,B follicle
TGGAGTGATGCGATGA-1,B follicle
GACGTGTAGGGATTAT-1,PALS
TATGAAGACAGGTGCG-1,Red pulp
TTAAGCGCCTGACCCA-1,Red pulp
CATTTGAGTGGTACGT-1,Red pulp
TCATTTAAGTCTCCGA-1,Red pulp
TACGAACACGACTTCA-1,B follicle
TCCCGCGTACTCCTGG-1,B follicle
CGGAACGTAAACATAG-1,Red pulp
CGTAGCGAATTGTCAG-1,B follicle
ACATCAGCTGGGACGC-1,Red pulp
TCGTGTACTATGGATG-1,Red pulp
TTGGGACACTGCCCGC-1,B follicle
AAACGTGTTCGCCCTA-1,Red pulp
CATAGCGTTGCCCACC-1,Marginal zone
CGCTCGACATAATGAT-1,Marginal zone
AGTGGCGGCAATTTGA-1,B follicle
CCTCTCTCCCATCTAG-1,Marginal zone
TGGGCCACAAGAGCGC-1,Red pulp
GTCACCTGTCTATGTC-1,PALS
GCGAAGCCATACCCGT-1,Red pulp
GTATGTGGGTCTAGTT-1,Red pulp
CTCAGTCACGACAAAT-1,Red pulp
TGCGAATATGGGATTT-1,Red pulp
TCTATTACTAGAGGAT-1,Red pulp
ACTCCCATTCCTAAAG-1,Marginal zone
AGGGTGTGCTACACGC-1,B follicle
TGCCAGTACGTGGAGA-1,Red pulp
AAATCACTCCTAAACG-1,B follicle
ATAGGCTAGCTTCGCA-1,Red pulp
AATGGTCCACCGTTCA-1,Red pulp
CATGCGTTAGACAGAA-1,Red pulp
GCTAAACCTGAGGTGA-1,Red pulp
TGATCTCCGGCGCCAG-1,Red pulp
ATTGCTGCTCCTCCAT-1,Red pulp
GGCCCAGTTATCAGCA-1,Marginal zone
GGAGACGACACCTTTG-1,B follicle
TCTTCCCATGGGCACA-1,Red pulp
GTGACCGCACACTACG-1,Red pulp
TTGGCCTAGAATTTCG-1,Red pulp
CCTAACTAAGGCTCTA-1,Red pulp
CCGGTTTGTAATTGTG-1,PALS
ATAGGGATATCCTTGA-1,Red pulp
GTCTCGACTAAGTTTG-1,Red pulp
GCATACGAGGTCTTTA-1,Red pulp
CATGCCAACTCGCAAA-1,B follicle
CGCAGATCTTCACCCG-1,Red pulp
CAGCCGGGCCCTCTAT-1,B follicle
ACAGCGCACCCGCAGC-1,PALS
ATCTTGACCTGCAACG-1,Red pulp
CTACGCCATTTCCGAT-1,Marginal zone
TTAACTTCAGGTAGGA-1,Red pulp
AGGCCACCCGTTATGA-1,Marginal zone
TTGGGCGGCGGTTGCC-1,Red pulp
CATTGCGGGTCAATTC-1,Red pulp
TGACGAATATTTCCCT-1,Marginal zone
TTATAGTCCAAGGTGC-1,Red pulp
CCTACAAGTCCGGAAT-1,Red pulp
AGGTAGGTACAAAGCT-1,B follicle
AAACTGCTGGCTCCAA-1,Red pulp
CCCTTTGACAGGTCTT-1,B follicle
AAGAAATCACCAGATT-1,Red pulp
CAGGAAGACTTTATAT-1,PALS
CCAGAGACAAAGCCGG-1,Red pulp
GGAAGCTCGCTTACAG-1,B follicle
AACCAGTATCACTCTT-1,PALS
GGTTTCAATCGGTCAG-1,Red pulp
TTGCGTCGGCCAACCG-1,B follicle
GTGACTTCAGTAGTGC-1,B follicle
GTTGGACCGCATCAGG-1,Red pulp
CGAGACCCTAGAGTGT-1,Red pulp
CCGCACAAAGACCAAC-1,B follicle
GCACGCCTACTTAGAT-1,Red pulp
TTCTACTTGCGAGGGC-1,Red pulp
CTATTCATGTGTCCCA-1,Red pulp
CCAATTGAATGTTAAT-1,Marginal zone
CCTACATTCACAGACG-1,Red pulp
ACGCCGCTAGACGACC-1,Marginal zone
CCGGGACCCGCAGAGA-1,Red pulp
TACGTTTACCGGCAAT-1,B follicle
ACTTGTAGTCCCTTCA-1,Red pulp
AAACTCGTGATATAAG-1,Red pulp
CACATTCTTTCGATGG-1,Red pulp
ACCCTTGCCTGGGTCG-1,Red pulp
GGTCCCATAACATAGA-1,Red pulp
ACACCCGAGAAATCCG-1,B follicle
GACAACGCAGCTTACG-1,Red pulp
TGCGGCATAGTTCAAC-1,Red pulp
TAGTGGAACTCATACA-1,Red pulp
TAAAGAGCCCGAAACC-1,Red pulp
ATAAGTACCCGATTGT-1,Red pulp
AGCTGAAGTAAACCAA-1,PALS
TAGTCCGCAGAGAATG-1,PALS
GTCAGAATAGTCTATG-1,Red pulp
CTAGTGAAGGACAGGA-1,Marginal zone
TTGATTATGCAGATGA-1,B follicle
CATATAGGTACAGTCA-1,Red pulp
TACTTTCCGCACGCCA-1,B follicle
GTTAGAGTGTGCCGCT-1,B follicle
TGACCAGCTTCAAAGT-1,Red pulp
TCCTCGGGCTGGGCTT-1,Red pulp
ACCCAACGCCCGTGGC-1,Red pulp
CATTTATCGTTCAAGA-1,Red pulp
AGGGACTCTACGCGAC-1,Marginal zone
CGAGTTTATCGGACTG-1,Red pulp
TGAACAAGCAGGGACT-1,Red pulp
AAGCATACTCTCCTGA-1,Red pulp
GGCTAATGATTGAAAT-1,Red pulp
AGGGCAGCGGCGTGGT-1,B follicle
CCTGTCGCCCGTAAAT-1,Red pulp
TGTGTCGCGAGTTGCA-1,PALS
CTGGGTAGGCAGTTAA-1,Red pulp
AAATTGGTGAGAAGCA-1,Red pulp
CAGGCGCCATGCTAGG-1,Red pulp
AAGCGGAGTGCGCGCA-1,Red pulp
CACTGTCCAAGTGAGA-1,B follicle
CATTGCAAAGCATAAT-1,Red pulp
TGAATATGCTATAAAC-1,Red pulp
ATGCCGGTCTTGCATA-1,Red pulp
GGGTCACGTGCTTATG-1,PALS
GGGATCCCAATACAAA-1,Red pulp
TAATGAAAGACCCTTG-1,Red pulp
GGGCGATATGTGTGAA-1,B follicle
TCCTACATCCACGGCC-1,Red pulp
TCTAATACTGCCTCAG-1,Red pulp
TCTATCATGCAGTTAC-1,B follicle
TGACTATAATCCTTTC-1,Red pulp
TGGACGCAATCCAGCC-1,Red pulp
ACGTTCGTTCAGGAAA-1,Red pulp
TGATTCTGTCGCCGGT-1,Marginal zone
TCATCGATGGTCCCAA-1,Red pulp
TCCGAACTTGGCTTAC-1,PALS
TTGTTTCATTAGTCTA-1,Red pulp
TATGTCAAGACCGACT-1,Red pulp
TTCAGCCCTGGTCCAC-1,Red pulp
GGCTAAAGGGCGGGTC-1,Red pulp
TTCGCCGCTCGCGCTA-1,Red pulp
GGCGAGCGAAACGGCA-1,Red pulp
GTATTAGGGTTCGCGT-1,Red pulp
GAGCCGAGCGTTTATT-1,B follicle
GTCCCAACGTAAAGTA-1,PALS
GCTGCTCTCCGGACAC-1,Red pulp
CGCTACGGGACATTTA-1,PALS
TCCTAACCGTCGGGCA-1,Red pulp
CGTATTGTTTCCTAAT-1,Red pulp
CGGTTGACCTGGCATA-1,Red pulp
TCAACGCGACCGGCAG-1,Red pulp
CTAAAGGGAAATAGGA-1,Red pulp
GATCTTGGAGGGCATA-1,Red pulp
CGGTCAAGTGGGAACC-1,Red pulp
GAACTTGTGCACGGGA-1,Red pulp
AGATACGACTTCATAT-1,Red pulp
CGTGAAGTTAATTCAC-1,PALS
GTGGTATAGTCTGCCG-1,Red pulp
AACCGAGCTTGGTCAT-1,Red pulp
CAGACACCGATCGCTG-1,Marginal zone
AATTAAAGGTCGGCGT-1,Red pulp
ATATTCCACATAGTGA-1,Red pulp
GAGATCTTCCATGACA-1,Red pulp
TAGCGTTGGGTCTTAC-1,Red pulp
GATCGGTGGCCATAAC-1,B follicle
CCATCGCAGTTAAACT-1,Red pulp
AATTCTAGAGTTAGGC-1,Red pulp
CTTGTGCTCACCGATT-1,Red pulp
TATCCGCACCGTCGGG-1,Red pulp
GAACGGTGTAAAGCAG-1,Red pulp
CGGAGTCCTAACCTGG-1,Red pulp
CTTCCTGCATATTTAC-1,Red pulp
GGGCGTTTACATTCAT-1,Red pulp
GTAGCCAAACATGGGA-1,Marginal zone
AGTCGTGGGCATTACG-1,Red pulp
TCGTCAAGTACGCGCA-1,Red pulp
GAACACACATCAACCA-1,PALS
CGCTATTCAATGTATG-1,Red pulp
ATACGCCGGCGAAACC-1,Red pulp
GCAACACACTAGAACT-1,Red pulp
ACTCGTAACCCGTCCT-1,Marginal zone
GGGCGTCACCACGTAA-1,PALS
CAGGCCGTTTGGGTGT-1,B follicle
CGTCAAGGCTATAAAT-1,Red pulp
TGTTCCGCTTCCATGA-1,Red pulp
CACCCGGTTTGTGACT-1,Red pulp
AGAGTTGCAGGCCTCC-1,Marginal zone
TCCTGCGTTGATACTC-1,Red pulp
GGGCCTAAATGGGCTA-1,Red pulp
CTTTGAAACATATTCC-1,Red pulp
TTAAGGCCCGTACTTT-1,Red pulp
TCCATTCCCACTAGAG-1,Red pulp
ATAAGCAAACACCGAG-1,Red pulp
TCTATTACGCTGGCGA-1,Red pulp
ACTGTACGATACACAT-1,Red pulp
TGGAGGGAAACACCTC-1,Red pulp
GGCACTCCACTGGGCA-1,Red pulp
ACACAAAGACGGGTGG-1,Red pulp
AAGAGGATGTACGCGA-1,Red pulp
TTAATGTAGACCAGGT-1,Red pulp
CCGCGTAGGTAAGGGC-1,Red pulp
TTAGCTAATACGATCT-1,Red pulp
GAATATTCGGAGTCCC-1,PALS
TCAGTTACGGAATGAT-1,Red pulp
CAGTAATCCCTCCCAG-1,Red pulp
CTGTACTTCTTAGCAT-1,Marginal zone
CGTGACATTGGGTCGT-1,Red pulp
GGTATTGCCGAGTTTA-1,Red pulp
AGTTAAGTCAACCGCT-1,Red pulp
AGATAACTTCAGGGCC-1,Red pulp
GCCATCGAGCTGCGTG-1,B follicle
GATATCTCATGCAATA-1,Red pulp
GGGCTACTATTTCGTG-1,Red pulp
GTACGAGATTGCGACA-1,PALS
CAGAGTGATTTAACGT-1,Red pulp
TTACGGATGGTTCGAG-1,Red pulp
GACGTTCGTAAATACA-1,Red pulp
ATTCATATACTGTCCA-1,Red pulp
TGCTGCGTCAGAGTTA-1,Marginal zone
GACAGCCAGACCTGAC-1,Red pulp
TTGAGGGTCGAACGCG-1,Red pulp
TTCTTGGACGATCTGC-1,Red pulp
AAACTAACGTGGCGAC-1,Red pulp
TATATTACAAATGTCG-1,Red pulp
CCATGCCTGTTTAGTA-1,B follicle
CTCGATATTTGCGAGC-1,Red pulp
ATTAATACTACGCGGG-1,Red pulp
TCTTCGATACCAATAA-1,Red pulp
CATTTAGCGGACCATG-1,Red pulp
AGAGCGTACAAGCTCG-1,Red pulp
GTATCTTTCATAACCA-1,Red pulp
TTGACTACCATATGGT-1,Red pulp
ACGATCATACATAGAG-1,B follicle
AAATGATTCGATCAGC-1,Red pulp
TCGAAATTTAGGACCA-1,Red pulp
TACGGGATGCTAGCAG-1,Red pulp
CTACGACTAGCTATAA-1,Red pulp
GCGCTAAGTATGCATG-1,PALS
GATATGGATTACGCGG-1,Red pulp
TCCTGCCAACTGGAGA-1,Marginal zone
ATTCAGGACCTATTTC-1,Red pulp
GGTTGTGTAGCCTGGC-1,Red pulp
CATGCGACCAGTTTAA-1,Red pulp
TTATCCTCAAGGAATA-1,Red pulp
GGTAGACCGTTGGGCG-1,PALS
CATACGAACTAGCTGG-1,Red pulp
ACTGAATGGCGAAAGT-1,Red pulp
TTCGGGACTAATCGCG-1,B follicle
CCAGCCTGGACCAATA-1,Red pulp
GTATCAGCTTGGGTTC-1,B follicle
TTGAATATGGACTTTC-1,B follicle
CGCGCAAATGTCCAGA-1,Red pulp
TGCAGTTTCCTCCCAT-1,Red pulp
AGCGCATAATGAATCG-1,Red pulp
TTCCGCGTGAGGCGAT-1,Red pulp
AGTGACCTACTTTACG-1,Red pulp
TGGCTTTGGGTAGACA-1,B follicle
GCTATCGCGGCGCAAC-1,Red pulp
CTAACGAAACTTGCTG-1,Red pulp
TTCGTAATCCCAGCGG-1,B follicle
ATCGTTCACTTTCGCC-1,Red pulp
TAGTTAAGATAGGATA-1,PALS
TTCTTCGCAATAGAGC-1,PALS
CGTGCAGACTGGGACA-1,Red pulp
GTTGCACGGAGTTTCG-1,Red pulp
GTCTCGATCTGCTTTC-1,Red pulp
TGACCCACGTTAGACA-1,Red pulp
CACCGCCGACCAGCGA-1,Red pulp
ATAGAGTTATCAACTT-1,Red pulp
GTGCTCAAGTACTGTC-1,Red pulp
ACCGTGACCACGTGGG-1,Red pulp
TTCTTGGAGTAATGAG-1,B follicle
TTAATCAGTACGTCAG-1,Red pulp
CCCAATTTCACAACTT-1,B follicle
CGAAACATAGATGGCA-1,Red pulp
ACAGGTGGAGGTGAGG-1,PALS
TATCACTTCGAGTAAC-1,Red pulp
ACAAAGAAGGTAGGCC-1,Red pulp
CCAATGTCACAGCAAG-1,Red pulp
GGGCAGAGCAATCGTT-1,Red pulp
CGCCCGCTTCCGTACA-1,Red pulp
CCGGGCTGCTCCATAC-1,Red pulp
CACTCGAGCTGAACAA-1,Red pulp
CCGGGCGGTCTCGTCA-1,Red pulp
GGACCAACAGGATAAC-1,Red pulp
TGACAGGACAAGTCCA-1,Red pulp
TGGAAGACGAACACCA-1,Red pulp
GCCGCTAGATACGCAG-1,PALS
GAAAGTGACTAACTGC-1,Red pulp
GACTACAATTGCTCGT-1,PALS
CATGGTAAGTAGCGTT-1,Red pulp
AGAGCGGGCTAATCAT-1,Red pulp
TTAGCTCTGTAATCCG-1,Red pulp
ATGGAACAGAATAAAC-1,Red pulp
AATAGTCCGTCCCGAC-1,Red pulp
CCAAGAAAGTGGGCGA-1,Red pulp
AAGTCTAGTAGCTGCC-1,Red pulp
GGCGAACCGTTCTGAT-1,Red pulp
TACGACTGCCTCTTAG-1,Marginal zone
TCTTTCTCTTAAGGAG-1,B follicle
GTTCACAGGAGTCTAG-1,Red pulp
GCGTCGAAATGTCGGT-1,Red pulp
AGGGTGCCGTTCTTTA-1,Red pulp
GGTGAAGTACAGGGAT-1,Red pulp
CTGAAAGAGATCCGAC-1,PALS
TTCTAGAAAGTCTTAT-1,Red pulp
GAGATCTGCTTGGCAT-1,Red pulp
AGTATGCTGGAGACCA-1,Red pulp
CACTCGGTTAGGAGGA-1,Red pulp
GCATTCGAAATGAACA-1,Red pulp
ACGCATTCGTGAGTAC-1,Red pulp
CCAAGACTTCTGCGAA-1,Red pulp
TTCTTAGTGAACGGTG-1,PALS
AACAGCTGTGTGGCAA-1,Red pulp
GACTCGGTCGGCGGAT-1,Red pulp
CTCCCTCCTTTCGATC-1,Red pulp
TGAGAATGCTTTACCG-1,Red pulp
GCGCTGATCCAGACTC-1,Red pulp
AGCGGCGGTTAGCGGT-1,Red pulp
CGCTATTCTTAGGCTC-1,PALS
CGCCTGGCCTACGTAA-1,Red pulp
AGAAGTGATTCGTGAT-1,Marginal zone
TCAGAACCTCCACAGG-1,Red pulp
TATGGATGTGCTACGC-1,Red pulp
CTTCTATGTTGAAGTA-1,Red pulp
ACAATAGTCGTACGTT-1,B follicle
CAGCTCACTGAGACAT-1,Red pulp
CCATCTCACCAGTGAA-1,Red pulp
GTGATGCACAACATCT-1,Red pulp
GCCTATAGTGTCAGGG-1,Red pulp
CACAGCTAGGGAGTGA-1,PALS
CCGGAGGTCTTATGGT-1,Red pulp
GAATGAAGGTCTTCAG-1,Red pulp
TCACAGGAGAATAAGA-1,Red pulp
AGGGAAACGAGGTACT-1,Marginal zone
AGATACTCAAGATCGA-1,Red pulp
TCACATCTTATCTGAT-1,Red pulp
AATCGGGACACTACGA-1,Red pulp
CATGCATGGAGACCCT-1,Red pulp
TTGCACGGAGCAGCAC-1,PALS
CCTCGGACCGGGATAG-1,Red pulp
AAAGACTGGGCGCTTT-1,Red pulp
AAACACCAATAACTGC-1,Red pulp
GTCGTTATTCGCTTAT-1,Red pulp
GGACTCGTGAGTGGTC-1,Red pulp
TACATAGGCATACACC-1,Red pulp
ACCATATCCGCAATAA-1,B follicle
TCTTACCGGAACTCGT-1,Red pulp
GGTGTTCTGTTTCTAC-1,Red pulp
CAGCTCGTGCTTGTGT-1,Red pulp
AAATTTGCGGGTGTGG-1,Red pulp
CACCTCGATGGTGGAC-1,Marginal zone
GTGAAGTCACGACTCG-1,Red pulp
GATCCTCTTGCGCTTA-1,PALS
CTGAATCCGAGACCTC-1,B follicle
CCAAACAGAACCCTCG-1,Marginal zone
GTTGGATTCAGTGGCT-1,Red pulp
TGCCTGATCAAACGAT-1,B follicle
GTTCGGGCGTACCATT-1,Red pulp
TAAATGCCGTCTCATG-1,Red pulp
CGAGGAGCTTCCATAT-1,Red pulp
GCGGCTCTGACGTACC-1,B follicle
TAGAATTAAGGGCAAC-1,B follicle
TACTATGGTTCCTCAG-1,Marginal zone
GGCTGAGCATCGTAAG-1,B follicle
CGTATTAAGAGATCTA-1,Red pulp
GTGCGACAGGGAGTGT-1,Red pulp
GGGTGCATATGAAAGC-1,Red pulp
TCGTCACACTGTTAGC-1,Red pulp
AGCTGCTGTGCCGAAT-1,Red pulp
TTAGGTCATAACCGAC-1,Red pulp
TGTAGTGATCTATAAT-1,B follicle
CTGTGCAGGGTAGGTC-1,B follicle
CATGAACCGACATTTG-1,Red pulp
CTCATTTGATGGGCGG-1,Red pulp
TAGCCGGCGGTCAGCG-1,Red pulp
AGACCCACCGCTGATC-1,B follicle
AACCCGATAGGGCTTC-1,Red pulp
GTAGGTGATCCGTGTA-1,Red pulp
TTACATCGTGGCCTGG-1,PALS
TTGTATCACACAGAAT-1,B follicle
GTTGTTACATTGCGCT-1,Red pulp
ATCACTTCATCCTCGC-1,B follicle
GTGAGGACACTTAAGG-1,Red pulp
GAAGTCTCCCTAGCGA-1,Red pulp
ATGCCATTTGCGACCA-1,Red pulp
TTGGACATGTGGCTTA-1,Red pulp
CCTCACCTTAGCATCG-1,Red pulp
TATCTACCACAGCGGG-1,Red pulp
GAGACTGATGGGTAGA-1,Red pulp
CACGCAGCGAGGCTTT-1,Red pulp
TCGGCTAACTTCCCTT-1,Red pulp
CTCTTCTGGAAGTTAG-1,Red pulp
ACCCGAGCGAAATTAC-1,Red pulp
CCGCGGAATGCGTCAC-1,B follicle
GTTGAACCGGTTCCAT-1,Red pulp
CCTCGCCAGCAAATTA-1,Red pulp
GGCCTTTGCAACTGGC-1,Red pulp
GTGCGTGTATATGAGC-1,Marginal zone
TGCAGATCGTCCTAGG-1,Marginal zone
GGCATACAGGTAGCGG-1,B follicle
GGGTACTTCATGAACT-1,Red pulp
GTGATTCGCCGCTCAA-1,B follicle
GGGCCTATTTAAGTAT-1,Red pulp
AGAGATCTCTAAAGCG-1,Red pulp
GGGACCCGTATATCTT-1,Red pulp
CGGTTCAAGTAGGTGT-1,Red pulp
TAAGGCAACATAAGAT-1,Red pulp
TGGTCTGTTGGGCGTA-1,Red pulp
GAACCTCGACCTACAC-1,Red pulp
GGGAACGGGAGGTTAG-1,B follicle
ATTGTCGCAATACCTT-1,Red pulp
ACCATCCGCCAACTAG-1,Red pulp
GGAGAAGTCATTGGCA-1,Red pulp
TACCTCACGCTTGTAC-1,B follicle
TGTATAACAGATCCTG-1,Red pulp
CACCGCCAGAAGGTTT-1,B follicle
AATCGCCTCAGCGCCA-1,PALS
GTCGCGTAACCCGTTG-1,Red pulp
CAATAAACCTTGGCCC-1,Red pulp
AAGCCGCCGTGAAATC-1,Red pulp
ACTTTCCTATAGCTTC-1,B follicle
TGCAATTTGGGCACGG-1,Red pulp
TTGGTGCGGTGTTGAA-1,Red pulp
TCAGGTTCTTTGAGAA-1,B follicle
AGGCAGATGCGTAAAC-1,Red pulp
CTCTAATGCATTGATC-1,Red pulp
TATTATGTTTGCCTGC-1,Red pulp
CAGATACTAACATAGT-1,Red pulp
TGGAATATCCTTGACC-1,Red pulp
GCCAATAGGGCATCTC-1,Red pulp
CTGCTTTATGTCCGCG-1,Red pulp
GTACGTCACGTATTAA-1,B follicle
AGTGAGACTTCCAGTA-1,Red pulp
GACTAAGATCATGCAC-1,Red pulp
GTGTCCGATAAGGCAT-1,PALS
TCGTCCGGGTACACTC-1,B follicle
ACTCTCTGACTTAGGT-1,PALS
CAGTAACTATTTATTG-1,B follicle
CGAACGCCCAGTGCCG-1,B follicle
TTATTAGAGCGTGTTC-1,B follicle
GAGCGCTGTTAGGTAA-1,Red pulp
CAGTGAATAAATGACT-1,Red pulp
TCTATCGGTCGCAACA-1,Red pulp
CTTACACTGGGAAATA-1,Red pulp
TCCTAGCAAAGAAGCT-1,Red pulp
AGATACCGGTGTTCAC-1,B follicle
CGCTGTGACGCCGCAC-1,Red pulp
TCGCTTAATTACGAAG-1,Red pulp
CTGTTACCCAATCTAG-1,Red pulp
GTACTTGGGCACTTCT-1,Red pulp
AAGGCTGTGCTCATCG-1,Red pulp
AAACCACTACACAGAT-1,Red pulp
TTATTAGGGAAGCATC-1,PALS
TTCCCGGCGCCAATAG-1,Red pulp
ATAAACGGACCCGTAA-1,Red pulp
GATGTTCAATCCACGA-1,Red pulp
TGGCCGTATATTGACC-1,B follicle
GAGCTGTCGTCTCGGA-1,Red pulp
ATGACTATCAGCTGTG-1,Red pulp
TATTAACCTGACCGCG-1,PALS
CGGAGTTTGAGAGACA-1,Red pulp
TTAGCTGATTTGCCGT-1,Red pulp
TTGATCTAACTTTGTC-1,PALS
TAATAGGTCACCAGAA-1,Red pulp
GGCGAAATCTAACTTG-1,Red pulp
AGGGAGACATACTTCG-1,Red pulp
AGTATAATACTAGGCA-1,B follicle
CCTGCTATTTGAGAAG-1,Red pulp
GTGTACCTTGGCTACG-1,Red pulp
ATAAGTAGGATTCAGA-1,Red pulp
TTGAAGAATTCCCAGG-1,Red pulp
CAATTAAGGGTGATGA-1,Red pulp
CTAGCCGATGTTATGA-1,Red pulp
TACGCTATAGAAACCT-1,Red pulp
CGTTTGTGTAGAGGGT-1,Red pulp
CTAAATCCTATTCCGG-1,Red pulp
TGGTAAGCAGGATTGA-1,Red pulp
CTCACCGATCCAAACT-1,Red pulp
GGCGTCCTATCCGCTG-1,Red pulp
GAAACTCGTGCGATGC-1,Red pulp
CCTCCGACAATTCAAG-1,Red pulp
TTCCGGTTACCCACTT-1,Red pulp
CCTCTGTACTATTCTA-1,Red pulp
TAGCAGTAAATACGCG-1,Red pulp
ATATTTAACCCTCAAG-1,B follicle
GCGTCGCCAGGGTGAT-1,Red pulp
CCACGGAGCCATAAGA-1,Red pulp
ACCGGTCAGGTACACC-1,Red pulp
TACTCGGCACGCCGGG-1,Red pulp
AGTGAGGGTTTCTGAC-1,B follicle
TCGTATTTCGTCCGGA-1,Marginal zone
CCTACGCGACCTTACA-1,Red pulp
ACACATGATCAAATCT-1,Red pulp
AGGATAAAGTCGGGAT-1,Red pulp
CGGGATCAATGTAAGA-1,Red pulp
ACCTAAGTACCTTTCA-1,Red pulp
GTGAAGCCGTATAGTC-1,Red pulp
CGCAGAAACATTTGCG-1,Red pulp
ATCACATTAGAATATC-1,Red pulp
CTAGTATTCGGAATTA-1,Red pulp
TTGCTGATCATGTTCG-1,Red pulp
TTCTTTGGTCGCGACG-1,Red pulp
CTAGCGCCAATCCTAC-1,Red pulp
GGCTACTATACACTCC-1,Red pulp
ATTATTATGTCCGTCA-1,Marginal zone
GCGTAAATGGCCATAA-1,Red pulp
CAACTCCAACGTTTAG-1,Red pulp
ATCATCCAATATTTGT-1,Red pulp
GGTCGGCCAGGAGCTT-1,Red pulp
CCACTGGTGGCTGGTT-1,Red pulp
CTATAGGCGTTGATGT-1,Red pulp
AACACGACTGTACTGA-1,Red pulp
TAAGTAACATCTTGAC-1,Red pulp
TTCTTGAGCCGCGCTA-1,Red pulp
TGCCCGTACCGTTAAA-1,Red pulp
TATTCCACTCAGCTCG-1,Marginal zone
CGACACGGATGCCCAC-1,Red pulp
TACGATGTTGATCATC-1,B follicle
TGTGGCAAAGCGTATG-1,Red pulp
ATTACGACTCCACAGT-1,Red pulp
GATATTGAGATTGGCG-1,Red pulp
CTCTATTTGGCTGCAG-1,Red pulp
ATAGAGTACTGGGACA-1,Red pulp
CCACATGGCTCTTTAT-1,Red pulp
GGCCCAATCTAGAGGG-1,Red pulp
GATGGCGCACACATTA-1,Red pulp
CTTCGTAGATAGGTGA-1,PALS
TGACATCGAGCGGACC-1,Red pulp
ATCGGTTACCTAGTAA-1,Red pulp
TGATTCGTCTATCACT-1,B follicle
GCGGCAAAGTATTGCC-1,Red pulp
AGCTGCATTTGAGGTG-1,Red pulp
CATATGTCAGGCTACG-1,PALS
AAATAACCATACGGGA-1,Red pulp
ACAAATTCAGATCTGA-1,Red pulp
GCCAACCATTTCCGGA-1,Red pulp
CATGATGCACAATTCT-1,B follicle
CGGGCTACTTAAATTG-1,Red pulp
GGAACCGTGTAAATTG-1,Red pulp
CATTACATAGATTGTG-1,Red pulp
TAGAGATCATGCAACT-1,B follicle
TGCGAGCCCTTCCGCG-1,Marginal zone
TCCATTGTGACCTCGT-1,B follicle
TTACTGGGATATTTCA-1,Marginal zone
GTCCGGCTGAATTGCG-1,Red pulp
TTAGACACGATCGTTG-1,Red pulp
TTCGTGGGCTGGAAGC-1,Marginal zone
CCCTGCGCTACGCATA-1,Red pulp
CTAGTTACAACCCGGT-1,Red pulp
CGCCACAGGTCGCGAT-1,Red pulp
TCCGCTTATCCCATTA-1,Red pulp
TCATTCGTATAATTTG-1,Red pulp
GCAGAAACGTAATCCA-1,Red pulp
GCCTTCAGCCCTACCG-1,B follicle
CAATATTCTTGACCTA-1,Red pulp
ATTGTACAACTCGGCT-1,Red pulp
AAGCGGCGTCATGGGT-1,B follicle
GTCATGCACCTCCGTT-1,B follicle
CTCAAGACATTAGCGC-1,Red pulp
CGAGCTGGGCTTTAGG-1,Marginal zone
CTACTATCTTTCAGAG-1,Red pulp
GTAACAACTGACCTTG-1,Red pulp
TCTTGATGCGTAGCGA-1,Red pulp
GGTTCGGATTATACTA-1,Red pulp
GTTTCCTGGAGGGTGA-1,Red pulp
CGGCACCGTTAGCGCC-1,B follicle
TAGATTCCTGGTTATT-1,PALS
CGGTCCATGAGACTCC-1,Red pulp
CCGAAGTATATTGTTC-1,Red pulp
CCGTAAGTTGGTCCCA-1,B follicle
ATTTGTCTTGGGAGCT-1,PALS
GATATGCGGTAGCCAA-1,Red pulp
AGACGACGATGCCGCT-1,B follicle
CGGAGCATGGCGATCC-1,Red pulp
CGCGGGAATTAGGCAG-1,Red pulp
AATCTATGCCGGAGCC-1,Red pulp
GCCTATTCCGATATAG-1,Red pulp
ATTATGCTCAGTATTG-1,B follicle
TGGAATTAGACGCTTT-1,Red pulp
GAGGGCCGGCAGAGTC-1,Red pulp
AGCTGTAACCTCAATC-1,Red pulp
CTCTCACAATCGATGA-1,Red pulp
AGCCCATACATGTAAG-1,Red pulp
CTATCGGGTCTCAACA-1,PALS
ATCGCTGCGTGCAGCA-1,Red pulp
TCGGTTAGCCATGTAG-1,B follicle
CGTCAGTGCGCACAAG-1,Red pulp
GAATGGGCTTATCGAC-1,Red pulp
TATGTCTCATTGTGCC-1,B follicle
TTCGCACTCGCGTGCT-1,PALS
CTAACTGGTCCGGTTC-1,Red pulp
CGCGAGTCTGCCGGGT-1,Red pulp
AATTAGCGCTGCAGCG-1,Red pulp
AATAGCTACCGCGTGC-1,Red pulp
TTGCTGCACCTATCCA-1,Red pulp
AGCGTTCCGATTTAAA-1,Red pulp
AAATGGCCCGTGCCCT-1,Red pulp
GCGTTCGGAGACCGGG-1,B follicle
ACTTCCTGTCGTGCGA-1,Red pulp
AGTCCCGCCTTTAATT-1,Red pulp
GCCCAGTTGGTATGCC-1,B follicle
TCAAACAACCGCGTCG-1,B follicle
AATGACAGCAATGTCT-1,Red pulp
GCTGGCGGCGCATGCT-1,Red pulp
GTTTACGTTCCATCTG-1,Red pulp
GAAGTCAGTTGCACTA-1,PALS
GACGGGTTGGCCCGTA-1,Red pulp
ATTTGTTCCAGGGCTC-1,Marginal zone
CTAGTTGGGCCCGGTA-1,PALS
GAGTCAGACCAGAATC-1,Red pulp
AATGATGATACGCTAT-1,Red pulp
GTTTCATATCGTCGCT-1,Red pulp
TGAGAGATTTACCACG-1,Red pulp
TACCAGAAGTAGGTTC-1,PALS
TCGCAAAGATGCATTT-1,Red pulp
TTATGAATGAAAGGGA-1,Marginal zone
TCCGATGGTGCGACAT-1,Red pulp
CGAGTACTAAAGAGGA-1,Red pulp
TAGGTGAGCCCTACTC-1,PALS
GCTAATACCGAATGCC-1,Marginal zone
CCCGCCATGCTCCCGT-1,B follicle
GCGAAACTTAACTGGA-1,Red pulp
CGTTTCGCTCATTACA-1,Red pulp
AGTCTTCTCCTCAAAT-1,Red pulp
CTTCATTGTCAGTGGA-1,Red pulp
CCCAAACATGCTGCTC-1,Marginal zone
AACATATCAACTGGTG-1,Red pulp
CTCGTCGAGGGCTCAT-1,Red pulp
ACTCAATAAAGGCACG-1,Red pulp
AGAGGGACAATTGTCC-1,Red pulp
TAGGTCCAAGTAAGGA-1,Red pulp
TTGCTGGCCGGGCTTC-1,B follicle
ATTCGCAGAGGACACT-1,Red pulp
TTAGCAACATGGATGT-1,PALS
CTCTCTAACTGCCTAG-1,Red pulp
TCTAGCAATCTCCGCC-1,Red pulp
GCTTAGGGAAGCGGTA-1,Red pulp
ATGACGCCGGCTCTAA-1,B follicle
ATCAGCTCGTCCACTA-1,Red pulp
AAGTTCGGCCAACAGG-1,Red pulp
TAAAGCGTTAGGAGAA-1,Red pulp
CTCACTTGGCTGGTAA-1,Red pulp
GCTAGTAGAGCTTGTA-1,PALS
AGCGACAGGAACGGTC-1,Red pulp
TGAATTTCACTTGCCT-1,Red pulp
ACGCTAGTATCAGTGC-1,B follicle
ACCGAAGAGTCTGGTT-1,Red pulp
CCATCCATACCAAGTC-1,Red pulp
CAGCAGCCCGTTCCTT-1,Red pulp
GATCCCTTTATACTGC-1,B follicle
ACCATCGTATATGGTA-1,PALS
TATGGCCCGGCCTCGC-1,Red pulp